keyword,year,title,description,pubDate,originallink,link
탕후루,2017,<b>2017</b>년 중국 춘제 홍보영상 ‘악향춘제’,"빙<b>탕후루</b>(?糖葫蘆), 자오쯔(餃子, 만두), 쭝쯔(?子) 등의 전통적인 먹거리, 춘롄(春聯), 세화, 전지(剪紙)공예, 폭죽 등의 춘제 풍습까지 다양하게 소개했다. (번역: 조미경) 원문 출처: 인민망(人民網)  인민망 한국어판 트위터... ",2017-01-26 05:51:00+00:00,http://kr.people.com.cn/n3/2017/0126/c203431-9171735.html,http://kr.people.com.cn/n3/2017/0126/c203431-9171735.html
탕후루,2017,"칭다오 별미 ‘돼지고기+과일 꼬치’, 반나절 만에 700개 팔려","[인민망 한국어판 2월 14일] <b>2017</b>년 위안샤오제(元宵節, 원소절: 정월 대보름) 기간 동안, 산둥(山東) 칭다오... 요리)와 <b>탕후루</b>(糖葫蘆, 중국 전통 과일 꼬치)를 결합한 특별한 음식이 주목을 받았다. 이 음식을 발명한... ",2017-02-14 03:23:00+00:00,http://kr.people.com.cn/n3/2017/0214/c203281-9177688.html,http://kr.people.com.cn/n3/2017/0214/c203281-9177688.html
탕후루,2017,"'잡스', 웹툰 작가 특집···주호민 &quot;웹툰 석 달 치 미리 그린다&quot;",현재 웹툰 ‘빙<b>탕후루</b>’를 연재 중인 주호민은 “이미 석 달 치 만화를 다 그려놓은 상태다”라고 발언해... /서경스타 양지연기자 sestar@sedaily.com [서울경제 바로가기]&quot;4차 산업혁명의 미래를 만나다&quot;…서울포럼<b>2017</b>... ,2017-05-31 06:25:00+00:00,http://www.sedaily.com/NewsView/1OG4XONEMV,https://m.entertain.naver.com/article/011/0003043231
탕후루,2017,[네이버 웹툰 순위] 월·신의탑 화·노블레스 수·복학왕 목·연애혁명 ...,"캡처 ◇ <b>2017</b>년 5월 셋째 주 기준, 요일별 조회 순위 1위 월요웹툰 - ‘신의 탑’(SIU), 250화 화요웹툰... * 화요웹툰 - ‘빙<b>탕후루</b>’ (장희, 주호민), &lt;신과 함께&gt; 주호민 작가의 신작! 잔인하고 무자비한 환상 속 요괴들이... ",2017-05-18 01:43:00+00:00,http://www.g-enews.com/ko-kr/news/article/news_all/20170518102705595300c551d053_1/article.html,http://www.g-enews.com/ko-kr/news/article/news_all/20170518102705595300c551d053_1/article.html
탕후루,2017,[네이버 웹툰 순위] 월-신의탑·화-노블레스·수-복학왕·목-연애혁명·...,"기자] ◇ <b>2017</b>년 5월 둘째 주 기준, 요일별 조회 순위 1위 월요웹툰 - ‘신의 탑’(SIU), 249화 화요웹툰... * 화요웹툰 - ‘빙<b>탕후루</b>’ (장희, 주호민), &lt;신과 함께&gt; 주호민 작가의 신작! 잔인하고 무자비한 환상 속 요괴들이... ",2017-05-11 01:43:00+00:00,http://www.g-enews.com/ko-kr/news/article/news_all/20170511102233251000c551d053_1/article.html,http://www.g-enews.com/ko-kr/news/article/news_all/20170511102233251000c551d053_1/article.html
탕후루,2017,[네이버웹툰 순위] 인기웹툰 순위? 신의탑·마음의 소리·복학왕·외모지...,"캡처 ◇ <b>2017</b>년 5월 첫째 주 기준, 요일별 조회 순위 1위 월요웹툰 - ‘신의 탑’(SIU), 248화 화요웹툰... * 화요웹툰 - ‘빙<b>탕후루</b>’ (장희, 주호민), &lt;신과 함께&gt; 주호민 작가의 신작! 잔인하고 무자비한 환상 속 요괴들이... ",2017-05-04 01:25:00+00:00,http://www.g-enews.com/ko-kr/news/article/news_all/20170504101058869500c551d053_1/article.html,http://www.g-enews.com/ko-kr/news/article/news_all/20170504101058869500c551d053_1/article.html
탕후루,2017,[네이버웹툰 순위] 인기웹툰 순위? 신의탑·마음의 소리·복학왕v외모지...,"기자] ◇ <b>2017</b>년 4월 마지막 주 기준, 요일별 조회 순위 1위 월요웹툰 - ‘신의 탑’(SIU), 247화 화요웹툰... * 화요웹툰 - ‘빙<b>탕후루</b>’ (장희, 주호민), &lt;신과 함께&gt; 주호민 작가의 신작! 잔인하고 무자비한 환상 속... ",2017-04-27 00:40:00+00:00,http://www.g-enews.com/ko-kr/news/article/news_all/20170427093803698100c551d053_1/article.html,http://www.g-enews.com/ko-kr/news/article/news_all/20170427093803698100c551d053_1/article.html
탕후루,2017,[네이버웹툰 순위] 인기웹툰 순위? 신의탑·마음의 소리·복학왕·외모지...,"캡처 ◇ <b>2017</b>년 4월 셋째 주 기준, 요일별 조회 순위 1위 월요웹툰 - ‘신의 탑’(SIU), 246화 화요웹툰... * 화요웹툰 - ‘빙<b>탕후루</b>’ (장희, 주호민), &lt;신과 함께&gt; 주호민 작가의 신작! 잔인하고 무자비한 환상 속 요괴들이... ",2017-04-20 00:46:00+00:00,http://www.g-enews.com/ko-kr/news/article/news_all/20170420094123872600c551d053_1/article.html,http://www.g-enews.com/ko-kr/news/article/news_all/20170420094123872600c551d053_1/article.html
탕후루,2018,"대구남부도서관, <b>2018</b> 중국문화콘서트 행사 개최",대구광역시립남부도서관(관장 강형구) 중국문화정보실은 중국문화를 체험하고 느낄 수 있는 ‘<b>2018</b>... 간식 ‘<b>탕후루</b>’ 만들기 등의 다양한 중국문화 체험 행사를 진행했다. 대구 강정영 기자 newswaydg@naver.com... ,2018-10-23 00:27:00+00:00,http://www.newsway.co.kr/news/view?tp=1&ud=2018102309245529091,http://www.newsway.co.kr/news/view?tp=1&ud=2018102309245529091
탕후루,2018,남부도서관 '<b>2018</b> 중국문화콘서트' 개최,"등 '<b>2018</b> 중국문화콘서트'를 개최한다. 이번 행사는 ‘도서관 속 작은 중국’을 표방하며 ▲10월16일 오전... 20일 오후 3시 30분부터는 중국 전통 장신구 ‘결’ 만들기, 중국 간식 ‘<b>탕후루</b>’ 만들기, 중국 그림책을... ",2018-10-09 00:35:00+00:00,http://www.newsway.co.kr/news/view?tp=1&ud=2018100909332377785,http://www.newsway.co.kr/news/view?tp=1&ud=2018100909332377785
탕후루,2018,신규 캐릭터와 외전 '카렌 판타지' 오픈! 붕괴3rd 업데이트,▲ '<b>탕후루</b> 소녀' 등장! 테레사 전용 중국풍 코스튬 <b>2018</b>년 5월 11일 12:00 ~ <b>2018</b>년 6월 28일 12:00 동안 발키리·서약 전용 코스튬 '<b>탕후루</b> 소녀'와 골드가 포함된 이벤트 패키지가 판매된다. 해당 '<b>탕후루</b> 소녀' 코스튬을... ,2018-05-11 01:42:00+00:00,http://www.thisisgame.com/webzine/news/nboard/225/?n=82692&utm_source=naver&utm_medium=outlink&utm_campaign=thisisgame&utm_content=82692&nogate,https://m.sports.naver.com/esports/article/439/0000015123
탕후루,2018,'신과 함께' 주호민 작가 초청 광진구 광나루 아카데미,"서울 광진구(구청장 김기동)는 인문, 교양강좌 '<b>2018</b> 행복 배움 똑똑! 당신의 공감을 일깨웁니다 - 광나루... 주호민 작가는 인기웹툰 ‘신과 함께’ 원작자로 2005년 만화‘짬’으로 데뷔한 이래 '빙<b>탕후루</b>', '썬데이... ",2018-06-21 08:17:00+00:00,http://news1.kr/articles/?3351731,https://n.news.naver.com/mnews/article/421/0003442645?sid=102
탕후루,2018,"모바일게임 'TOP 5' 위력에 힘 못쓰는 신작게임들, '이터널 라이트' TOP1...","이 외에도 테레사 전용 중국풍 코스튬인 '<b>탕후루</b> 소녀'와 신규 발키리 '카렌 - 성결 예장·금양', '테레사... 먼저 지난 주 15위를 기록하고 있던 '컴투스 프로야구 <b>2018</b>'이 이번 주 11위로 4계단 상승하면서 TOP 10 진입을... ",2018-05-14 02:38:00+00:00,http://gamefocus.co.kr/detail.php?number=81887,http://gamefocus.co.kr/detail.php?number=81887
탕후루,2018,[철원]물 위를 나는 수천마리 철새떼 감탄,"눈길 <b>2018</b> 철원 산소길 걷기행사가 지난 17일 오후 철새도래지인 학저수지 생태탐방로 4.5㎞ 구간에서... 달콤한 <b>탕후루</b> 만들기 및 두루미 판화 체험, 철원종이문화교육원의 재미있는 슬라임 만들기와 크리스마스트리 장식... ",2018-11-18 15:43:00+00:00,http://www.kwnews.co.kr/view.asp?aid=218111800024&s=501,https://n.news.naver.com/mnews/article/087/0000733562?sid=102
탕후루,2018,대구시립남부도서관 `중국문화콘서트` 개최,"대구시립남부도서관이 오는 16일부터 20일까지 '<b>2018</b> 중국문화콘서트'를 연다. 이번 콘서트는 지역민들의... 또 같은 날 오후 3시 30분부터는 중국 전통 장신구 '결' 만들기, 중국 간식 '<b>탕후루</b>' 만들기, 중국 그림책을 담은... ",2018-10-09 12:02:00+00:00,http://www.kbsm.net/default/index_view_page.php?idx=219621&part_idx=328,http://www.kbsm.net/default/index_view_page.php?idx=219621&part_idx=328
탕후루,2018,[우리 동네서 만나는 명사들] 광진서 ‘신과 함께’ 비하인드 들어요,"서울 광진구는 인문·교양강좌 ‘<b>2018</b> 광나루 아카데미’ 두 번째 강연으로 ‘신과 함께’로 인기를 끈... 강의를 맡은 주 작가는 인기 웹툰 ‘신과 함께’ 원작자로 ‘빙<b>탕후루</b>’, ‘썬데이 상담소’ 등 웹툰과... ",2018-06-21 18:37:00+00:00,http://www.seoul.co.kr/news/newsView.php?id=20180622016012&wlog_tag3=naver,https://n.news.naver.com/mnews/article/081/0002924175?sid=102
탕후루,2018,"청주혜원학교, '여름 과일파티' 실시","충북 청주혜원학교(교장 유정희)가 21일 교내 일원에서 유초등학교 과정 학생 70여 명이 참여한 가운데 '<b>2018</b>.... 학생들은 각 반마다 화채, 꼬치, <b>탕후루</b>, 요거트샐러드, 주스, 샌드위치 등 과일 요리를 만들며 즐거운 시간을... ",2018-06-21 08:56:00+00:00,http://www.gukjenews.com/news/articleView.html?idxno=945543,http://www.gukjenews.com/news/articleView.html?idxno=945543
탕후루,2018,"청주혜원학교, 여름의 맛 함께 즐겨요!","청주혜원학교(교장 유정희)가 21일(목) 교내 일원에서 유･초등학교 과정 학생 70여 명이 참여한 가운데 '<b>2018</b>.... 학생들은 각 반마다 화채, 꼬치, <b>탕후루</b>, 요거트샐러드, 주스, 샌드위치 등 과일 요리를 만들며 즐거운 시간을... ",2018-06-21 08:28:00+00:00,http://www.bzeronews.com/news/articleView.html?idxno=356944,http://www.bzeronews.com/news/articleView.html?idxno=356944
탕후루,2018,주호민 작가 '상상력은 어떻게 만화가 되는가?',광진구(구청장 김기동) 대표 인문 ·교양강좌 ‘<b>2018</b> 행복 배움 똑똑! 당신의 공감을 일깨웁니다 - 광나루... 강의를 맡은 주호민 작가는 인기웹툰 ‘신과 함께’ 원작자로 지난 205년 만화‘짬’으로 데뷔한 이래 빙<b>탕후루</b>... ,2018-06-20 21:36:00+00:00,http://view.asiae.co.kr/news/view.htm?idxno=2018062021063089566,https://n.news.naver.com/mnews/article/277/0004261805?sid=102
탕후루,2018,98년생 차세대 인기 여배우 ‘자오루쓰’ 청순+귀여움 과시,"화보 속 자오루쓰는 롱청치마, 양갈래 머리 등으로 청순함과 귀여움을 어필했고 특히 <b>탕후루</b>(糖葫蘆, 중국... 또한 <b>2018</b>년 그녀는 ‘아!아적황제폐하(?！我的皇帝陛下)’, ‘맹처식신(萌妻食神)’ 등 다양한 작품을 통해... ",2018-02-01 08:33:00+00:00,http://kr.people.com.cn/n3/2018/0131/c204065-9421850.html,http://kr.people.com.cn/n3/2018/0131/c204065-9421850.html
탕후루,2019,"'생생정보마당' 인천 차이나타운 맛집, <b>탕후루</b>+샤오룽바오+하얀 짜장면...",들어서는 입구부터 중국 느낌이 가득한 이곳은 <b>탕후루</b>부터 눈에 들어온다. <b>탕후루</b>는 중국 북경 지역을... 그다음 찾은 맛집은 농림축산식품부가 선정한 <b>2019</b> 푸드페스타에 오른 116가지 매장에 포함되어 있어서 의미도 크다.... ,2019-08-23 02:25:00+00:00,http://www.topstarnews.net/news/articleView.html?idxno=661868,http://www.topstarnews.net/news/articleView.html?idxno=661868
탕후루,2019,마마무 문별 '<b>탕후루</b> 먹방 포즈'[엑's HD포토],18일 오후 서울 성산동 서울월드컵경기장에서 열린 '제25회 <b>2019</b> 드림콘서트' 레드카펫 행사에 참석한 마마무 문별이 포즈를 취하고 있다.,2019-05-18 22:11:00+00:00,http://www.xportsnews.com/?ac=article_view&entry_id=1114183,https://m.entertain.naver.com/article/311/0000992318
탕후루,2019,"[HD직캠] '드림콘서트' 마마무(MAMAMOO), 퇴근 후엔 역시 <b>탕후루</b>(190518)",5월 18일 오후 서울 마포구 월드컵로에 위치한 서울월드컵경기장에서 '<b>2019</b> 드림콘서트' 포토월이 진행됐다. 올해로 25회를 맞은 드림콘서트에는 태민-레드벨벳-세븐틴-NCT DREAM-남우현-정일훈-마마무... ,2019-05-18 10:38:00+00:00,http://www.topstarnews.net/news/articleView.html?idxno=626625,http://www.topstarnews.net/news/articleView.html?idxno=626625
탕후루,2019,"외국어교육원, <b>2019</b>학년도 초·중학생 중국어 일본어 일일캠프","이번 캠프는 남서울대학교 원어민 교수진을 초청  중국과 일본의 기초회화, 전통놀이(마작·켄다마), 전통복장(치파오·기모노), 전통음식(<b>탕후루</b>·타코야끼) 등의 4가지 수업 주제로 중국어, 일본어 표현 및 문화를... ",2019-11-20 08:48:00+00:00,http://www.ccdailynews.com/news/articleView.html?idxno=1037571,http://www.ccdailynews.com/news/articleView.html?idxno=1037571
탕후루,2019,"충남외국어교육원, <b>2019</b>학년도 초·중학생 중국어 일본어 일일캠프 실시","이번 캠프에서는 중국과 일본의 기초회화, 전통놀이(마작/켄다마), 전통복장(치파오/기모노), 전통음식(<b>탕후루</b>/타코야끼) 등의 4가지 수업 주제로 학생들을 맞이할 예정이며 이를 통해 학생들의 중국어와 일본어에 대한... ",2019-11-20 02:02:00+00:00,http://www.daejonilbo.com/news/newsitem.asp?pk_no=1397024,http://www.daejonilbo.com/news/newsitem.asp?pk_no=1397024
탕후루,2019,"외국어교육원, <b>2019</b>학년도 초.중학생 중국어 일본어 일일캠프 실시","특히, 캠프에서는 중국과 일본의 기초회화, 전통놀이(마작/켄다마), 전통복장(치파오/기모노), 전통음식(<b>탕후루</b>/타코야끼) 등의 4가지 수업 주제로 학생들을 맞이했고, 이를 통해 학생들의 중국어와 일본어에 대한 흥미와... ",2019-11-20 01:44:00+00:00,http://www.joongdo.co.kr/main/view.php?key=20191120010008371,http://www.joongdo.co.kr/main/view.php?key=20191120010008371
탕후루,2019,"서울 호텔 가득 만개한 봄, '<b>2019</b> 워커힐 벚꽃 축제' 개최","특히 올해는 먼젓번에 선보였던 벚꽃 도시락 이외에도 양철 바비큐 도시락, <b>탕후루</b>, 아츠칸(따뜻한 사케), 그리고 스시가 추가로 판매되어 맥주∙와인을 다양한 음식과 함께 즐길 수 있다. '구름 위의 산책' 비어 페어의... ",2019-04-01 23:46:00+00:00,http://www.sommeliertimes.com/news/articleView.html?idxno=12880,http://www.sommeliertimes.com/news/articleView.html?idxno=12880
탕후루,2019,워커힐 호텔앤리조트 ‘<b>2019</b> 워커힐 호텔 벚꽃 축제’ 개최 / 봄바람에 ...,"특히 올해는 먼젓번에 선보였던 벚꽃 도시락 이외에도 양철 바비큐 도시락, <b>탕후루</b>, 아츠칸(따뜻한 사케), 그리고 스시가 추가로 판매되어 맥주·와인을 다양한 음식과 함께 즐길 수 있다. ‘구름 위의 산책’ 비어... ",2019-03-18 20:28:00+00:00,http://www.cooknchefnews.com/news/newsview.php?ncode=1065557937563924,http://www.cooknchefnews.com/news/newsview.php?ncode=1065557937563924
탕후루,2019,"워커힐, 내달 6일부터 뉴트로 컨셉의 '<b>2019</b> 벚꽃 축제' 개최","특히 올해는 이전에 선보였던 벚꽃 도시락 이외에도 양철 바비큐 도시락, <b>탕후루</b>, 아츠칸(따뜻한 사케), 그리고 스시가 추가로 판매되어 맥주·와인을 다양한 음식과 함께 즐길 수 있다. '구름 위의 산책' 비어 페어의... ",2019-03-18 02:02:00+00:00,http://www.mediapen.com/news/view/420315,http://www.mediapen.com/news/view/420315
탕후루,2019,서울 봄 벚꽃 명소 ‘워커힐로’…뉴트로 페스티벌 <b>2019</b> 워커힐 벚꽃축...,"벚꽃 도시락과 더불어 양철 바비큐 도시락, 시럽을 묻힌 과일 ‘<b>탕후루</b>’, 따뜻한 사케 ‘아츠칸’, 스시가 추가로 판매된다. 미성년자는 음주는 안 되지만 동반 입장이 가능하다. 미성년자 입장료는 5000원이며 벚꽃... ",2019-03-18 01:54:00+00:00,http://www.enewstoday.co.kr/news/articleView.html?idxno=1281696,http://www.enewstoday.co.kr/news/articleView.html?idxno=1281696
탕후루,2019,"러블리즈 서지수, 귤과 딸기보다 상큼한 미모…'저 귤은 과연 던져서 깠...",밤에 배고파서 급 만들어본 딸기 <b>탕후루</b>와 귤<b>탕후루</b> 황설탕밖에 없어서 색이 쪼곰 아쉽지만 달달하구... 러블리즈는 지난 14일부터 17일까지 서울 연세대학교 대강당에서 개최한 <b>2019</b>년 첫 단독 콘서트 '겨울 나라의... ,2019-03-01 15:46:00+00:00,http://www.topstarnews.net/news/articleView.html?idxno=595151,http://www.topstarnews.net/news/articleView.html?idxno=595151
탕후루,2019,"'배틀트립' 채연X배슬기, 중국 활동 베테랑들의 베이징 정복 여행 공개","오늘 12일 방송된 KBS2 '배틀트립'에서는 신년특집으로 <b>2019</b>년 고수열전에 채연과 배슬기가 출연했다. 이날... 베이징에 도착 후, 공항철도를 타고 시내로 이동한 채연과 배슬기는 도착하자마자 길거리음식으로 '<b>탕후루</b>... ",2019-01-12 13:01:00+00:00,http://www.topstarnews.net/news/articleView.html?idxno=565925,http://www.topstarnews.net/news/articleView.html?idxno=565925
탕후루,2019,"평택시 팽성청소년문화의집, 사업설명회 및 청소년자치조직 발대식 거행",이어 2부 자치조직 어울림마당은 <b>2019</b>년 문화의집을 함께 이끌어날 청소년운영위원회 외 4개 동아리가 친목을 도모하는 시간으로 자치조직별 직접 먹거리(△추억의 컵볶이 △호호 호떡 △달달 <b>탕후루</b> △식빵팝콘... ,2019-04-01 01:08:00+00:00,http://www.m-i.kr/news/articleView.html?idxno=509038,http://www.m-i.kr/news/articleView.html?idxno=509038
탕후루,2019,[종합] '생생정보마당' 고양국제꽃박람회 현장 &amp; 동대문 데님티라떼-전...,"29일 '생생정보마당'에서는 <b>2019</b> 고양국제꽃박람회 현장을 찾았다. 고양시 일산 호수공원에서 열리는... 야시장에서는 눈꽃 치즈 스테이크, 딸기 <b>탕후루</b>, 비프 타코, 도깨비 불초밥 등에 추억의 솜사탕까지 즐길 수 있다.... ",2019-04-29 02:30:00+00:00,http://www.topstarnews.net/news/articleView.html?idxno=618600,http://www.topstarnews.net/news/articleView.html?idxno=618600
탕후루,2019,"호텔가에 불어오는 벚꽃향기 / ‘벚꽃 마케팅’ : 호텔, ‘꽃’을 입다","야외 행사장에서는 벚꽃 도시락, <b>탕후루</b>, 벚꽃 케이크, 양철 바비큐 도시락 등 한눈에 즐거운 봄나들이... 패키지를 <b>2019</b>년 3월 11일부터 6월 30일까지 선보인다. 먼저, 메종 글래드 제주에서는 편안한 베딩 시스템을... ",2019-03-26 05:14:00+00:00,http://www.cooknchefnews.com/news/newsview.php?ncode=1065570191490943,http://www.cooknchefnews.com/news/newsview.php?ncode=1065570191490943
탕후루,2019,[하동군 브리핑] 하동 옥종 북방 딸기축제 구경오세요 등,"세부적으로 어린이들을 위한 딸기 <b>탕후루</b> 만들기, 민속 탈·연 만들기, 페이스페인팅, 태옆 딸기 로봇 만들기... ◆바르게살기 하동군협의회 <b>2019</b>년 정기총회 바르게살기운동 하동군협의회(수석부회장 강찬호)는 지난 22일... ",2019-03-26 00:26:00+00:00,http://www.betanews.net:8080/article/990156.html,http://www.betanews.net:8080/article/990156.html
탕후루,2019,"충남외국어교육원, 중국어 일본어 학생 캠프 운영 ···초중학생 300명...",<b>2019</b>년 캠프에서는 남서울대학교 원어민 교수진을 초청하여 각 수업마다 원어민 교수 및 한국인 보조강사가... 전통음식(<b>탕후루</b>·타코야끼) 등의 4가지수업 주제로 학생들을 맞이하며 이를 통해 학생들의 중국어와... ,2019-11-20 00:52:00+00:00,http://www.cctoday.co.kr/news/articleView.html?idxno=2036187,http://www.cctoday.co.kr/news/articleView.html?idxno=2036187
탕후루,2019,"[오마이포토] '드림콘서트' 마마무 문별, 내 사랑 달콤!",마마무 문별이 18일 오후 서울 성산동 서울월드컵경기장에서 열린 &lt;제25회 <b>2019</b> 드림콘서트&gt; 포토월에서 <b>탕후루</b> 포즈를 취하고 있다.,2019-05-18 15:57:00+00:00,http://www.ohmynews.com/NWS_Web/View/at_pg.aspx?CNTN_CD=A0002537846&CMPT_CD=P0010&utm_source=naver&utm_medium=newsearch&utm_campaign=naver_news,https://m.entertain.naver.com/article/047/0002227447
탕후루,2019,[하동군 브리핑] 하동 옥종 북방 딸기체험축제 성황 등,"이번 축제는 딸기 <b>탕후루</b> 만들기, 움직이는 딸기 로봇꾸미기, 딸기데코 인형꾸미기, 딸기 퐁듀 만들기 등... 대상으로 <b>2019</b> 농기계 안전이용 교육을 실시했다. 이번 교육은 농기계임대사업소 농기계 교관 6명을 강사로... ",2019-04-01 01:02:00+00:00,http://www.betanews.net:8080/article/992397.html,http://www.betanews.net:8080/article/992397.html
탕후루,2019,"&quot;완연한 봄을 느끼세요&quot;…호텔가, 벚꽃시즌 맞아 '벚꽃 마케팅' 치열",야외 행사장에서는 벚꽃 도시락·<b>탕후루</b>·벚꽃 케이크·양철 바비큐 도시락 등 한눈에 즐거운 봄나들이... 이와 함께 그랜드 힐튼 서울의 감성이 담긴 자체 브랜드 ‘H-Select’에서는 <b>2019</b>년 봄을 맞아 에코백을 특별... ,2019-03-29 16:02:00+00:00,http://www.asiatoday.co.kr/view.php?key=20190330010018433,http://www.asiatoday.co.kr/view.php?key=20190330010018433
탕후루,2019,"논산딸기축제, 대한민국을 넘어 세계를 사로잡다","개최된 '<b>2019</b> 논산딸기축제'가 성황리에 막을 내렸다. 올해로 22회째를 맞이한 논산딸기축제는 오랜만에 보는... 특히, 딸기 호떡, 초코에 빠진 딸기, 딸기 <b>탕후루</b> 등 젊은 고객층의 수요에 딱 맞춘 퓨전 딸기 간식들은... ",2019-03-25 12:36:00+00:00,http://www.dynews.co.kr/news/articleView.html?idxno=448304,http://www.dynews.co.kr/news/articleView.html?idxno=448304
탕후루,2019,"5일간 펼쳐진 논산딸기축제, 대한민국을 넘어 세계를 사로잡다","개최된 ‘<b>2019</b> 논산딸기축제’가 성황리에 막을 내렸다. 올해로 22회째를 맞이한 논산딸기축제는 오랜만에... 특히, 딸기 호떡, 초코에 빠진 딸기, 딸기 <b>탕후루</b> 등 젊은 고객층의 수요에 딱 맞춘 퓨전 딸기 간식들은... ",2019-03-25 03:08:00+00:00,http://www.ajunews.com/view/20190325115941232,http://www.ajunews.com/view/20190325115941232
탕후루,2019,"논산딸기축제, 세계인의 입맛 사로잡으며 '원더풀'","개최된 '<b>2019</b> 논산딸기축제'가 성황리에 막을 내렸다. 올해로 22회째를 맞이한 논산딸기축제는 관광객들에게... 특히, 딸기 호떡, 초코에 빠진 딸기, 딸기 <b>탕후루</b> 등 젊은 고객층의 수요에 딱 맞춘 퓨전 딸기 간식들은... ",2019-03-24 05:42:00+00:00,http://www.ggilbo.com/news/articleView.html?idxno=626167,http://www.ggilbo.com/news/articleView.html?idxno=626167
탕후루,2019,"中 활동만 21년 채연X배슬기, 중국 여행 꿀팁 대방출 ‘배틀트립’ [어...","1월 12일 방송된 KBS 2TV '배틀트립'은 신년특집 <b>2019</b>년 고수열전으로 꾸며진 가운데 각각 10년 이상 중국에서... 두 사람은 중국의 간식인 새콤달콤한 <b>탕후루</b>를 맛보고, 수제 피규어 가게에서 자신의 피규어를 만들었다. 첫... ",2019-01-12 21:01:00+00:00,http://www.newsen.com/news_view.php?uid=201901122218540710,https://m.entertain.naver.com/article/609/0000045334
탕후루,2020,<b>2020</b>년 2월 프랜차이즈 정보공개서 신규등록 151개 명단 공개,왕가<b>탕후루</b> 20200176 신규등록 <b>2020</b>-02-07 조정원 21 (주)카페온화 카페온화 20200177 신규등록 <b>2020</b>-02-07 조정원 22 오늘의Recipe 한식의민족 20200179 신규등록 <b>2020</b>-02-07 조정원 23 오늘의Recipe... ,2020-03-20 03:45:00+00:00,http://moneys.mt.co.kr/news/mwView.php?no=2020031814528031144,https://n.news.naver.com/mnews/article/417/0000520488?sid=101
탕후루,2020,"장전2동 인생 <b>탕후루</b>, 이웃돕기성품기탁",금정구(구청장 정미영) 장전2동 소재 사업장 ‘인생 <b>탕후루</b>’는 지난 29일 장전2동행정복지센터(동장 박미경)에 희망<b>2020</b> 이웃돕기 성품으로 바나나 8박스를 기탁하였다. 지난 12월 부산대학교역 1번 출구 인근에 개업한... ,2020-02-03 04:56:00+00:00,http://www.kookje.co.kr/news2011/asp/newsbody.asp?code=0100&key=20200203.99099000593,http://www.kookje.co.kr/news2011/asp/newsbody.asp?code=0100&key=20200203.99099000593
탕후루,2020,"장전2동 인생 <b>탕후루</b>, 이웃돕기성품기탁",금정구(구청장 정미영) 장전2동 소재 사업장 '인생 <b>탕후루</b>'는 지난달 29일 장전2동행정복지센터(동장 박미경)에 희망<b>2020</b> 이웃돕기 성품으로 바나나 8박스를 기탁했다. 1부산대학교역 1번 출구 인근에 개업한 과일 꼬지... ,2020-02-03 02:11:00+00:00,http://www.busan.com/view/busan/view.php?code=2020020311064315737,https://n.news.naver.com/mnews/article/082/0000978163?sid=102
탕후루,2020,<b>2020</b> 중국 식음료 신제품의 '혁신 트렌드',"과연 <b>2020</b>년도에는 어떠한 혁신 음식들이 출시되었을까? 01. 전통과 유행을 동시에 잡은 '아이스크림... 지역 특색을 담은 '요거트' 베이징의 <b>탕후루</b>(冰糖葫芦), 상하이의 셩지엔빠오(生煎包), 광저우의 솽피나이(双皮奶)... ",2020-06-20 00:06:00+00:00,http://www.sommeliertimes.com/news/articleView.html?idxno=16666,http://www.sommeliertimes.com/news/articleView.html?idxno=16666
탕후루,2020,<b>2020</b>년 다시 보기-올해 뜨겁게 달군 이슈 키워드,"어느덧 <b>2020</b>년 달력의 마지막 페이지를 앞두고 있다. 올해 무엇을 했는지 아무리 떠올려봐도 마스크를 사고... 특히 올해 초 화제가 된 400번 저어 만든 ‘달고나 커피’, ‘<b>탕후루</b> 키트’, 포켓팅의 신화 ‘강원도 감자... ",2020-12-12 02:24:00+00:00,http://news.mk.co.kr/newsRead.php?no=1276586&year=2020,https://n.news.naver.com/mnews/article/009/0004715222?sid=103
탕후루,2020,[<b>2020</b>추석 유튜브 가이드②] 둘이 보면 '재미↑'… 이런 채널 어때요,"<b>2020</b>년 추석을 한층 알차고 재밌게 보낼 유튜브 추천서, '<b>2020</b> 추석 유튜브 가이드'다. [편집자주] 시사위크... 보는 것에만 그치지 않고, '첫 만남인 척 존댓말 써보기' '과일 <b>탕후루</b> 만들어 먹기' 등 집에서 쉽게 해볼 수 있는... ",2020-10-01 02:07:00+00:00,http://www.sisaweek.com/news/curationView.html?idxno=137911,http://www.sisaweek.com/news/curationView.html?idxno=137911
탕후루,2020,상큼달달 겨울딸기 배터지게 먹을 수 있는 '<b>2020</b> 논산 딸기 축제' 열린다,"최고 당도를 자랑하는 딸기를 맛볼 수 있는 이곳 '<b>2020</b> 논산 딸기 축제'에서는 제철 딸기를 직접 수확해 먹을 수 있다.특히 이곳에서는 달콤한 딸기 <b>탕후루</b>, 생딸기 우유, 딸기청, 딸기찹쌀떡 등을 맛볼 수 있다.또 딸기... ",2020-01-01 01:34:00+00:00,https://www.insight.co.kr/news/261454,https://www.insight.co.kr/news/261454
탕후루,2020,‘<b>2020</b> 서울디저트페어 초코&amp;딸기’ 진행,"<b>2020</b> 서울디저트페어 초코&amp;딸기(이하’서디페’)는 신선한 생딸기 라떼를 시작으로 생딸기 <b>탕후루</b>, 딸기 캔케이크,수제밀크푸딩,꾸덕한 생초콜릿, 초콜릿 분수를 이용한 퐁듀 등 이색디저트들도 만나 볼 수 있다. 또한... ",2020-01-13 00:08:00+00:00,http://www.beyondpost.co.kr/view.php?ud=20200113090408568646a9e4dd7f_30,http://www.beyondpost.co.kr/view.php?ud=20200113090408568646a9e4dd7f_30
탕후루,2020,[식품 단신] 파리바게뜨·버거킹·스타벅스 外,"배상면주가 '오매락퍽', <b>2020</b> 대한민국 주류대상 수상 우리술 문화기업 배상면주가는 자사 제품 '오매락퍽... <b>탕후루</b> 찾는 고객에 GS25가 '북적' ASMR 먹방 단골 메뉴로 활용되고 있는 '<b>탕후루</b>'가 편의점에 출시돼 인기다.... ",2020-03-17 08:56:00+00:00,http://www.dailypop.kr/news/articleView.html?idxno=44043,http://www.dailypop.kr/news/articleView.html?idxno=44043
탕후루,2020,MZ세대 코로나19 극복법 '집밥'·'집콕',"◇ 사회적 거리 두기로 쌓인 답답함, 소소한 '성취감'으로 달래다 대학내일20대연구소는 <b>2020</b>년 1분기 주요 트렌드로 '달고나 커피 만들기', '<b>탕후루</b> 키트', '강원도 감자 구매 대란'을 선정했다. 세 가지 트렌드는 사회적... ",2020-12-28 09:25:00+00:00,http://www.globalepic.co.kr/view.php?ud=2020122818200116865796a9480c_29,http://www.globalepic.co.kr/view.php?ud=2020122818200116865796a9480c_29
탕후루,2020,"한인타운에 몰리는 일본인, 어떤 제품 좋아할까?","붐비는 주말 오사카 한인타운 모습 자료: KOTRA 오사카 무역관 보유자료(<b>2020</b>년 11월 15일 일요일 촬영) 한국... 챌린지, <b>탕후루</b> 만들기를 하는 사람이 늘었다. 손 쉽게 구할 수 있는 재료로 만든다는 것이 포인트다.... ",2020-11-30 15:07:00+00:00,http://news.kotra.or.kr/user/extra/kotranews/bbs/linkView/jsp/Page.do?dataIdx=185959,http://news.kotra.or.kr/user/extra/kotranews/bbs/linkView/jsp/Page.do?dataIdx=185959
탕후루,2020,"[솔로이코노미] MZ세대의 트렌드 변화, 발 빠르게 대응하는 편의점 업계","지난 <b>2020</b>년 2월 출시한 <b>탕후루</b> 키트는 연일 매진 수준의 판매량을 보이고 있으며, 상품 입고 시간을 미리 확인하고 기다렸다 구매하는 고객의 사례가 다수 확인될 정도다. GS25에 따르면 2월 28일~3월 15일까지 <b>탕후루</b>키트... ",2020-03-23 09:38:00+00:00,http://www.dailypop.kr/news/articleView.html?idxno=44132,http://www.dailypop.kr/news/articleView.html?idxno=44132
탕후루,2020,"동래구, ‘정보통신보조기기 보급’ 사업 추진 外","위한 ‘<b>2020</b>년 정보통신보조기기 보급’사업을 추진한다고 밝혔다. 정보통신보조기기는 장애인들이 컴퓨터... 동래구, 인생 <b>탕후루</b> 이웃돕기성품 기탁받아부산 동래구(구청장 김우룡)는 지난 27일 인생 <b>탕후루</b> 사직점... ",2020-05-28 10:14:00+00:00,http://www.kookje.co.kr/news2011/asp/newsbody.asp?code=0300&key=20200528.99099009396,http://www.kookje.co.kr/news2011/asp/newsbody.asp?code=0300&key=20200528.99099009396
탕후루,2020,"대학내일20대연구소, MZ세대의 집밥과 집콕챌린지 관련 보고서 발표","본 보고서는 코로나19에 따른 외출 제한 조치 이후 유행하기 시작한 ‘달고나 커피 만들기’, ‘<b>탕후루</b> 키트’, ‘강원도 감자 구매 대란’ 등을 <b>2020</b>년 1분기 주요 트렌드로 선정해 각 트렌드가 발전한 과정과 유행... ",2020-05-02 21:35:00+00:00,http://www.cooknchefnews.com/news/newsview.php?ncode=1065619353349321,http://www.cooknchefnews.com/news/newsview.php?ncode=1065619353349321
탕후루,2020,코로나19 영향. MZ세대 집밥 집콕 시대 &quot;요리 콘텐츠 즐겨본다&quot;,"본 보고서는 코로나19에 따른 외출 제한 조치 이후 유행하기 시작한 '달고나 커피 만들기', '<b>탕후루</b> 키트', '강원도 감자 구매 대란' 등을 <b>2020</b>년 1분기 주요 트렌드로 선정해 각 트렌드가 발전한 과정과 유행 원인을... ",2020-04-29 07:09:00+00:00,http://www.kdpress.co.kr/news/articleView.html?idxno=95218,http://www.kdpress.co.kr/news/articleView.html?idxno=95218
탕후루,2020,밀레리얼 세대와 Z 세대의 집밥과 집콕챌린지 관련 보고서 발표,"본 보고서는 코로나19에 따른 외출 제한 조치 이후 유행하기 시작한 ‘달고나 커피 만들기’, ‘<b>탕후루</b> 키트’, ‘강원도 감자 구매 대란’ 등을 <b>2020</b>년 1분기 주요 트렌드로 선정해 각 트렌드가 발전한 과정과 유행... ",2020-04-29 06:51:00+00:00,http://www.asiaarts.net/view.php?ud=202004291340056871f6c6bbd20d_38,http://www.asiaarts.net/view.php?ud=202004291340056871f6c6bbd20d_38
탕후루,2020,"MZ세대 절반, 주말 '점심겸 저녁' 직접 요리한다","본 보고서는 코로나19에 따른 외출 제한 조치 이후 유행하기 시작한 '달고나 커피 만들기', '<b>탕후루</b> 키트', '강원도 감자 구매 대란' 등을 <b>2020</b>년 1분기 주요 트렌드로 선정해 각 트렌드가 발전한 과정과 유행 원인을... ",2020-04-29 06:49:00+00:00,http://www.efnews.co.kr/news/articleView.html?idxno=84426,http://www.efnews.co.kr/news/articleView.html?idxno=84426
탕후루,2020,&quot;중국인들 관광지에 흩어져 있다&quot;는 언론의 아무말대잔치,"순대, <b>탕후루</b>(각종 열매를 꼬치에 꿰어 사탕물을 묻혀 굳힌 중국 전통 과자), 도넛 등 음식 대부분이 바깥에... * 모니터 기간과 대상 : <b>2020</b>년 12월 9일~1월 28일 경향신문, 동아일보, 조선일보, 중앙일보, 한겨레, 서울경제... ",2020-01-30 06:37:00+00:00,http://www.ohmynews.com/NWS_Web/View/at_pg.aspx?CNTN_CD=A0002607452&CMPT_CD=P0010&utm_source=naver&utm_medium=newsearch&utm_campaign=naver_news,https://n.news.naver.com/mnews/article/047/0002254814?sid=102
탕후루,2020,이 와중에 '반중 혐오' 부추겨 조회수 올리는 언론들,"순대, <b>탕후루</b>(각종 열매를 꼬치에 꿰어 사탕물을 묻혀 굳힌 중국 전통 과자), 도넛 등 음식 대부분이 바깥에... * 모니터 기간과 대상 : 2019년 12월 9일~<b>2020</b>년 1월 28일 경향신문, 동아일보, 조선일보, 중앙일보, 한겨레... ",2020-01-30 00:22:00+00:00,http://www.newstof.com/news/articleView.html?idxno=10227,http://www.newstof.com/news/articleView.html?idxno=10227
탕후루,2020,"신종 코로나바이러스 관련 보도, 혐오 조장하는 언론들","순대, <b>탕후루</b>(각종 열매를 꼬치에 꿰어 사탕물을 묻혀 굳힌 중국 전통 과자), 도넛 등 음식 대부분이 바깥에... 한함) / <b>2020</b>년 1월26~27일 KBS &lt;뉴스9&gt;, MBC &lt;뉴스데스크&gt;, SBS &lt;8뉴스&gt;, JTBC &lt;뉴스룸&gt;(1·2부), TV조선 &lt;뉴스9&gt;(평일)... ",2020-01-30 01:05:00+00:00,http://www.mediatoday.co.kr/news/articleView.html?idxno=204940,https://n.news.naver.com/mnews/article/006/0000100849?sid=110
탕후루,2020,인증샷을 부르는 신상 인싸 먹거리 리스트 6,빙그레우스 더 마시스 왕자에 따르면 ‘매력적인 상큼한 소다 맛과밀키함 그리고 <b>2020</b>년 컬러 클래식 블루가... GS25 <b>탕후루</b> 키트 유튜브에서 한 번쯤은 봤던 <b>탕후루</b> 먹방. 직접 만들자니 번거롭고 성공하기 어려워... ,2020-04-13 04:26:00+00:00,http://www.elle.co.kr/article/45958,http://www.elle.co.kr/article/45958
탕후루,2020,"마이너스 손을 위한 ‘도라에몽 주머니’…코로나19 시대, 집콕 필수 에...","쉬운 ‘<b>탕후루</b> 키트’, 포켓팅의 신화 ‘강원도 감자 구매 대란’ 등을 보면 방송, 유튜브, 트위터 등... <b>2020</b>년 트렌드로 ‘업글인간’이란 키워드가 화두가 된 적이 있다. ‘업글인간’은 어제보다 나은 나를 지향한다.... ",2020-09-11 04:41:00+00:00,http://news.mk.co.kr/newsRead.php?no=940916&year=2020,https://n.news.naver.com/mnews/article/009/0004653983?sid=103
탕후루,2020,"[게임브리핑] 라인게임즈, 베리드 스타즈 플레이 영상 공개 외 (7월 14일...","둥지’ ▲’과일 <b>탕후루</b>’, ‘떡볶이’ 등 새 요리 10종, 펫 12종, 조각상 2종 등 내용을 담았다. 개발팀은... (CFEL) <b>2020</b> 시즌2와 웨스트 CFEL <b>2020</b>시즌2를 온라인 대회로 개최한다. 브라질 CFEL 시즌2는 14일 시작해 8월 25일까지... ",2020-07-14 12:56:00+00:00,http://it.chosun.com/site/data/html_dir/2020/07/14/2020071404356.html,http://it.chosun.com/site/data/html_dir/2020/07/14/2020071404356.html
탕후루,2020,"'서울디저트페어 초코&amp;딸기', 인생 디저트 맛집 모두 모였다","'<b>2020</b> 서울디저트페어 초코&amp;딸기'(이하 '서디페')에서는 신선한 생딸기 라떼를 시작으로 생딸기 <b>탕후루</b>, 딸기 캔케이크, 수제밀크푸딩, 꾸덕한 생초콜릿, 초콜릿 분수를 이용한 퐁듀 등 이색 디저트를 만나 볼 수 있다. 또한... ",2020-01-12 23:40:00+00:00,http://www.newsculture.press/view.htm?idxno=2020011308341570384,http://www.newsculture.press/view.htm?idxno=2020011308341570384
탕후루,2020,"[사진으로 보는 금일중국] 설 분위기 물씬, 춘제 명절을 알리는 첸먼의...",[뉴스핌 베이징 = 최헌규 특파원] <b>2020</b>.01.17 chk@newspim.com 첸먼 거리의 한 상점이 베이징 전통 먹거리인 <b>탕후루</b>를 팔고 있다.  집에 가져갈 수 있게 밀봉 포장해 준다는 안내문이 걸려있다. 베이징= 최헌규... ,2020-01-17 07:45:00+00:00,http://www.newspim.com/news/view/20200117000910,http://www.newspim.com/news/view/20200117000910
탕후루,2020,생딸기 라떼부터 초코분수까지 인생 디저트 맛집 모두 여기에!,"<b>2020</b> 서울디저트페어 초코&amp;딸기(이하’서디페’)는 신선한 생딸기 라떼를 시작으로 생딸기 <b>탕후루</b>, 딸기 캔케이크,수제밀크푸딩,꾸덕한 생초콜릿, 초콜릿 분수를 이용한 퐁듀 등 이색디저트들도 만나 볼 수 있다. 또한... ",2020-01-17 04:45:00+00:00,http://moneys.mt.co.kr/news/mwView.php?no=2020011319308012337,https://n.news.naver.com/mnews/article/417/0000494535?sid=101
탕후루,2020,'서울디저트페어' 실패할 수 없는 조합 '초코X딸기' 콘셉트로 돌아왔다,"<b>2020</b> 서울디저트페어 초코&amp;딸기(이하'서디페')는 신선한 생딸기 라떼를 시작으로 생딸기 <b>탕후루</b>, 딸기 캔케이크,수제밀크푸딩,꾸덕한 생초콜릿, 초콜릿 분수를 이용한 퐁듀 등 이색디저트들도 만나 볼 수 있다. 또한... ",2020-01-13 04:04:00+00:00,http://www.slist.kr/news/articleView.html?idxno=127530,http://www.slist.kr/news/articleView.html?idxno=127530
탕후루,2020,'서울디저트페어' 인생 디저트 맛집 모두 여기에!,"<b>2020</b> 서울디저트페어 초코&amp;딸기(이하'서디페')는 신선한 생딸기 라떼를 시작으로 생딸기 <b>탕후루</b>, 딸기 캔케이크,수제밀크푸딩,꾸덕한 생초콜릿, 초콜릿 분수를 이용한 퐁듀 등 이색디저트들도 만나 볼 수 있다. 또한... ",2020-01-13 00:18:00+00:00,http://www.gpkorea.com/news/articleView.html?idxno=60800,http://www.gpkorea.com/news/articleView.html?idxno=60800
탕후루,2020,[인터뷰] 박해진 &quot;15년 롱런 비결? 채우는 것보다 비우는게 중요해&quot;,거쳐 '포레스트'(<b>2020</b>)의 심장 빼곤 다 가진 남자 강산혁까지 근래 박해진은 길지 않은 기간 동안 변화무쌍한... 함께 개를 데리고 나가서 산책도 시켜주고 팽이치기도 하고 <b>탕후루</b>나 팬케이크를 만들어 먹기도 한다.... ,2020-07-25 00:26:00+00:00,http://sports.hankooki.com/lpage/entv/202007/sp20200725092328136670.htm?s_ref=nv,http://sports.hankooki.com/lpage/entv/202007/sp20200725092328136670.htm?s_ref=nv
탕후루,2020,"[게임오늘]넥슨, 'V4' 최불암 티저 광고 3편 공개…카카오게임즈 '그랜드...","장비, △'과일 <b>탕후루</b>', '떡볶이' 등 신규 요리 10종, 신규 펫 12종, 신규 조각상 2종 등 다채로운 콘텐츠를... 또 넥슨은 'V4' 티저 페이지에서 '<b>2020</b>년 7월 21일 COMING SOON'이라는 문구와 함께 장비 복구 이벤트와 신규 캐릭터의... ",2020-07-14 08:48:00+00:00,http://www.sisaon.co.kr/news/articleView.html?idxno=115541,http://www.sisaon.co.kr/news/articleView.html?idxno=115541
탕후루,2020,[르포] 하나 둘 떠나는 '명동'…재난지원금 무의미,"<b>탕후루</b>, 어묵, 꼬치 등 길거리 음식들로 활기를 띠었던 노점상은 온데간데없고 유명 로드숍 화장품이... 기획재정부가 매달 발표하는 '<b>2020</b>년 최근경제동향(그린북)'에 따르면 올해 3월 중국인 관광객 비율은 전년 동기 대비... ",2020-05-27 02:58:00+00:00,http://www.sisafocus.co.kr/news/articleView.html?idxno=240005,http://www.sisafocus.co.kr/news/articleView.html?idxno=240005
탕후루,2020,코로나19 속 어린이날…&quot;가상 청와대 방문하고 영상으로 시구해요&quot;,이날부터 <b>2020</b>년 프로야구 정규 시즌이 시작된 가운데 LG트윈스는 '엘린이'로 불리는 어린이팬들의 영상... 아이와 집에서 '<b>탕후루</b>' '스콘' '김밥' 등을 요리하며 시간을 보낸 사진 등이 업로드됐다. 한 맘카페 회원은 &quot;아직... ,2020-05-05 10:14:00+00:00,https://www.news1.kr/articles/?3925663,https://n.news.naver.com/mnews/article/421/0004621263?sid=102
탕후루,2020,홍대 뒷골목 걸어보니 … 제비 왔다고 봄이 온 건 아니잖나,오전에 만든 <b>탕후루</b>는 사간 사람이 없어 새로 만들 필요가 없었다. 이날의 취재는 기사로 나가지 못했다.... 서울시에 따르면 홍대입구역(2호선ㆍ경의중앙선)에서 하차하는 승객은 2019년 12월 일 평균 10만8000명에서 <b>2020</b>년... ,2020-04-29 12:26:00+00:00,http://www.thescoop.co.kr/news/articleView.html?idxno=39189,http://www.thescoop.co.kr/news/articleView.html?idxno=39189
탕후루,2020,"유튜버와 에디터, 예상치 못한 '뷰티 꿀조합'","자칭타칭 뷰티 전문가인 두 사람의 파우치 공개부터 쇼핑 노하우, 옛날 메이크업 vs 요즘 메이크업, <b>2020</b> 메이크업 트렌드까지! 이 밖에 놀랍고도 신기한 뷰티 이야기가 펼쳐집니다. 재미있다면 구독과 좋아요, 댓글은 필수!... ",2020-03-13 04:08:00+00:00,http://www.elle.co.kr/article/45335,http://www.elle.co.kr/article/45335
탕후루,2020,"탕준상 &quot;'사랑의 불시착' 현빈X손예진, 멋지고 배울 점 많았죠&quot;[SS픽!뉴...","독특한 성으로 주목을 받는 것에 “탕수육, <b>탕후루</b> 등 여러 별명이 있다”고 유쾌하게 웃은 탕준상은 “한국... ‘사랑의 불시착’으로 행복한 <b>2020</b>년을 연 탕준상의 앞으로는 더욱 바쁘다. 배우 최민식 주연의 영화... ",2020-03-03 21:00:00+00:00,http://www.sportsseoul.com/news/read/890157,https://m.entertain.naver.com/article/468/0000632926
탕후루,2020,[저널리즘토크쇼J] “공포·혐오·분열”에 감염된 언론,"있는 <b>탕후루</b>를 만지는 관광객과 묵을 만지는 상인들도 눈에 띄었다. 중년 남성들이 모여 담배를 피운 후... 그중에 하나 인상적인 보도가 JTBC 뉴스가 <b>2020</b>년 1월 31일에 보도된 내용인데, &lt;격리시설 둘러보니… 산책로... ",2020-02-09 13:57:00+00:00,http://news.kbs.co.kr/news/view.do?ncd=4378007&ref=A,https://n.news.naver.com/mnews/article/056/0010790444?sid=102
탕후루,2020,"'서울디저트페어' 2월 7일부터 개최, 다채로운 초코&amp;딸기 디저트 향연","<b>2020</b> 서울디저트페어 초코&amp;딸기(이하'서디페')는 신선한 생딸기 라떼를 시작으로 생딸기 <b>탕후루</b>, 딸기 캔케이크,수제밀크푸딩,꾸덕한 생초콜릿, 초콜릿 분수를 이용한 퐁듀 등 이색디저트들도 만나 볼 수 있다. 또한... ",2020-01-13 02:16:00+00:00,http://www.sommeliertimes.com/news/articleView.html?idxno=15499,http://www.sommeliertimes.com/news/articleView.html?idxno=15499
탕후루,2020,BEAUTY NEW YEAR! (1),신비로운 사막 풍경에서 힌트를 얻은 차분한 연보라색이 샤넬 ‘데저트 드림 <b>2020</b> 봄여름 컬렉션’을... Sugarcoat 선홍빛 열매에 물엿을 코팅한 중국 대표 간식 ‘<b>탕후루</b>’. 이 맛깔스러운 음식을 연상케 하는 립... ,2020-01-03 01:04:00+00:00,https://www.vogue.co.kr/2020/01/03/beauty-new-year/?utm_source=naver&utm_medium=partnership,https://www.vogue.co.kr/2020/01/03/beauty-new-year/?utm_source=naver&utm_medium=partnership
탕후루,2021,"아이패밀리에스씨 ‘롬앤’, <b>2021</b> 올리브영어워즈 ‘올해의 아이콘’ 수...",롬앤의 쥬시래스팅 틴트 베어그레이프는 '<b>탕후루</b>처럼 맑게 차오르는 광택 입술에 쿨하게 스며들어 유리알 같은 광택감'을 주는 것이 특징으로 이번 ‘<b>2021</b> CJ 올리브영 어워즈&amp;페스타’ 립메이크업 부문에서 MD’s... ,2021-12-11 08:37:00+00:00,http://news.heraldcorp.com/view.php?ud=20211211000068,https://n.news.naver.com/mnews/article/016/0001923508?sid=103
탕후루,2021,[20일 순천시 소식] 모바일 대형폐기물 배출 신청 서비스 제공 등,"협력 △‘<b>2021</b> NEXPO in 순천’기간 자율주행 셔틀 시범운영 △‘2023 순천만국제정원박람회’기간 자율주행... 주요 프로그램으로는 △<b>탕후루</b>, 경극 가면 만들기를 통한 중국 문화 이해하기(중어중문학전공 동아리 平天下)... ",2021-08-20 06:38:00+00:00,https://www.asiatime.co.kr/article/20210820500166,https://www.asiatime.co.kr/article/20210820500166
탕후루,2021,'중랑행복글판’ 겨울편 19일까지 접수,위해 <b>2021</b>년 협치과제로 '차없는 거리를 통한 관악형 광장문화 조성' 사업을 추진하고 있다. 코로나19 확산... 지점토에’ ▲<b>탕후루</b> 만들기 프로그램 ‘방구석 중국 체험’ 등 11개의 온라인 체험 부스가 운영된다. 이동진... ,2021-11-02 23:01:00+00:00,https://view.asiae.co.kr/article/2021110307461561251,https://n.news.naver.com/mnews/article/277/0004993331?sid=102
탕후루,2021,"주호민 &quot;큰아들 발달장애, 영화 '말아톤' 다시 보기 힘들어&quot;","주호민은 20일 자신의 유튜브 채널에 '한국 영화 월드컵(2000-<b>2021</b>)'이라는 영상을 업로드 했다. 영상에서... 한편 주호민은 2005년 '짬'을 통해 웹툰 작가로 데뷔, '무한동력', '신과함께', '빙<b>탕후루</b>' 등을 연재하며 대중들의... ",2021-09-22 09:53:00+00:00,http://www.osen.co.kr/article/G1111659362,https://m.entertain.naver.com/article/109/0004478844
탕후루,2021,"[A 게임가 소식] 넷마블 감성 모험 RPG 제2의 나라, 웹예능 제작…딘딘·...","유저에게 '사과<b>탕후루</b> 물풍선', '크아CD' 등 다양한 보상을 제공하는 '크린이 놀이공원' 이벤트를 연다. 또한... 이벤트 시작 후 종료까지 40분 내 합산 점수에 따라 '의리없는형제(<b>2021</b>)' 칭호, '퀸셰어의귀걸이... ",2021-05-04 05:54:00+00:00,http://www.asiaa.co.kr/news/articleView.html?idxno=36527,http://www.asiaa.co.kr/news/articleView.html?idxno=36527
탕후루,2021,코로나 4차 대유행으로 변한 서울의 축제·교육·전시 문화,"<b>2021</b> 온라인 강남구 다문화 축제(인터넷으로 즐기는 다문화체험 'INJOY') 홈페이지 구성./ 서울 강남구... '집에서 즐기는 세계문화'는 행사 참여 가정에 배부된 <b>탕후루</b>, 마트료시카, 잭스톤, 바나나 로띠, 망고 라씨 체험... ",2021-07-11 03:34:00+00:00,http://www.metroseoul.co.kr/article/20210711500109,http://www.metroseoul.co.kr/article/20210711500109
탕후루,2021,주호민 작가 &quot;큰아들 발달장애.. '말아톤' 다시는 못 봐&quot;,"영상 속 주호민은 2000년부터 <b>2021</b>년 8월까지 개봉된 영화 128개를 대상으로 자신의 주관적인 의견을 담아... 한편 주호민은 2005년 ‘짬’을 통해 웹툰 작가로 데뷔, ‘무한동력’, ‘신과함께’, ‘빙<b>탕후루</b>’ 등을 연재하며... ",2021-09-22 22:57:00+00:00,http://www.edaily.co.kr/news/newspath.asp?newsid=01354646629183072,https://n.news.naver.com/mnews/article/018/0005042697?sid=103
탕후루,2021,"넥슨, 5월 가정의 달 맞이 모바일·온라인 게임 이벤트","‘사과<b>탕후루</b> 물풍선’, ‘크아CD’ 등 다양한 보상을 제공하는 ‘크린이... 이벤트 시작 후 종료까지 40분 내 합산 점수에 따라 ‘의리없는형제(<b>2021</b>)’ 칭호... ",2021-05-06 00:54:00+00:00,http://www.breaknews.com/804245,http://www.breaknews.com/804245
탕후루,2021,'상상은 어떻게 만화가 되는가?' 주호민 작가 특강,"주호민 작가는 대한민국 대표 콘텐츠 중 하나인 '신과 함께'의 원작 웹툰 작가로 '무한동력', '빙<b>탕후루</b>' 등을... <b>2021</b>년 지역특화콘텐츠개발지원사업에 선정되어 수로왕과 허왕후를 소재로 한 웹툰을 제작하는 등 지역의... ",2021-05-21 05:38:00+00:00,http://www.newsfreezone.co.kr/news/articleView.html?idxno=316768,http://www.newsfreezone.co.kr/news/articleView.html?idxno=316768
탕후루,2021,김해대표 콘텐츠기업 ㈜피플앤스토리 신과함께 “주호민” 작가 초청 특...,‘빙<b>탕후루</b>’ 등을 인기리에 연재했다. 2011년에는 대한민국 콘텐츠 어워드 만화부문 대통령상을 수상한 바... 있으며 <b>2021</b>년 지역특화콘텐츠개발지원사업에 선정되어 수로왕과 허왕후를 소재로 한 웹툰을 제작하는 등... ,2021-05-21 01:16:00+00:00,https://www.siminilbo.co.kr/news/newsview.php?ncode=1065570234201924,https://www.siminilbo.co.kr/news/newsview.php?ncode=1065570234201924
탕후루,2021,김해대표 콘텐츠기업 ㈜피플앤스토리,‘빙<b>탕후루</b>’ 등을 인기리에 연재했다. 2011년에는 대한민국 콘텐츠 어워드 만화부문 대통령상을 수상한 바... 있으며 <b>2021</b>년 지역특화콘텐츠개발지원사업에 선정되어 수로왕과 허왕후를 소재로 한 웹툰을 제작하는 등... ,2021-05-21 00:36:00+00:00,http://www.busan.com/view/busan/view.php?code=2021052109335597429,https://n.news.naver.com/mnews/article/082/0001092518?sid=102
탕후루,2021,"쉐라톤 그랜드 인천 호텔, '팔도 식도락 여행' 프로모션 선보여","<b>2021</b>년 5월 1일부터 6월 30일까지 진행되는 이번 프로모션에는 각 지역 별 특산물을 활용한 대표 요리와... 5월 5일부터 5월 9일까지 키즈 섹션이 마련되어 솜사탕, 미니 버거, 미니 핫도그, 미니 피자, <b>탕후루</b> 등 사랑하는... ",2021-05-07 00:26:00+00:00,http://www.thedrive.co.kr/news/newsview.php?ncode=1065571900231759,http://www.thedrive.co.kr/news/newsview.php?ncode=1065571900231759
탕후루,2021,"쉐라톤 그랜드 인천, '전국 팔도로 떠나는 미식 여행' 추천","<b>2021</b>년 5월 1~6월 30일까지 진행되는 이번 프로모션에는 각 지역 별 특산물을 활용한 대표 요리와 신선한 제철... 5월 5~5월 9일까지 키즈 섹션이 마련돼 솜사탕, 미니 버거, 미니 핫도그, 미니 피자, <b>탕후루</b> 등 사랑스러운... ",2021-05-06 09:20:00+00:00,http://www.ifm.kr/news/308171,http://www.ifm.kr/news/308171
탕후루,2021,"넥슨, 5월 가정의 달 맞아 게임 12종에서 이벤트 풀었다","‘사과<b>탕후루</b> 물풍선’, ‘크아CD’ 등 다양한 보상을 제공하는 ‘크린이 놀이공원’ 이벤트를 연다. 또한... 이벤트 시작 후 종료까지 40분 내 합산 점수에 따라 ‘의리없는형제(<b>2021</b>)’ 칭호, ‘퀸셰어의귀걸이’... ",2021-05-06 02:08:00+00:00,http://www.segye.com/content/html/2021/05/06/20210506507291.html?OutUrl=naver,https://m.sports.naver.com/esports/article/022/0003578355
탕후루,2021,"'5월 가정의달'…넥슨, 자사 게임 12종서 다양한 이벤트 진행","유저에게 '사과<b>탕후루</b> 물풍선', '크아CD' 등 다양한 보상을 제공하는 '크린이 놀이공원' 이벤트를 연다. 또한... 이벤트 시작 후 종료까지 40분 내 합산 점수에 따라 '의리없는형제(<b>2021</b>)' 칭호, '퀸셰어의귀걸이... ",2021-05-05 02:00:00+00:00,http://www.thedailypost.kr/news/articleView.html?idxno=81267,http://www.thedailypost.kr/news/articleView.html?idxno=81267
탕후루,2021,"[이슈] 넥슨, 푸짐한 가정의 달 기념 이벤트 진행","이용자에게 '사과<b>탕후루</b> 물풍선', '크아CD' 등 다양한 보상을 제공하는 '크린이 놀이공원' 이벤트를 연다.... 이벤트 시작 후 종료까지 40분 내 합산 점수에 따라 '의리없는형제(<b>2021</b>)' 칭호, '퀸셰어의귀걸이... ",2021-05-04 09:57:00+00:00,http://game.dailyesports.com/view.php?ud=20210504185128572da2c546b3a_26,https://n.news.naver.com/mnews/article/347/0000152783?sid=105
탕후루,2021,"넥슨, 5월 가정의 달 기념 자사 게임 12종서 아이템 제공","‘사과<b>탕후루</b> 물풍선’, ‘크아CD’ 등 다양한 보상을 제공하는 ‘크린이 놀이공원’ 이벤트를 연다. 또한... 이벤트 시작 후 종료까지 40분 내 합산 점수에 따라 ‘의리없는형제(<b>2021</b>)’ 칭호, ‘퀸셰어의귀걸이’... ",2021-05-04 08:52:00+00:00,http://newsclaim.co.kr/View.aspx?No=1591601,http://newsclaim.co.kr/View.aspx?No=1591601
탕후루,2021,"넥슨, 가정의 달 5월 기념한 11종 게임에 대규모 이벤트 동시 진행한다","‘사과<b>탕후루</b> 물풍선’, ‘크아CD’ 등 다양한 보상을 제공하는 ‘크린이 놀이공원’ 이벤트를 연다. 또한... 이벤트 시작 후 종료까지 40분 내 합산 점수에 따라 ‘의리없는형제(<b>2021</b>)’ 칭호, ‘퀸셰어의귀걸이’... ",2021-05-04 08:24:00+00:00,https://game.donga.com/99286/,https://game.donga.com/99286/
탕후루,2021,"넥슨, PC·모바일 게임 12종에 5월 가정의 달 기념 이벤트 진행","유저에게 '사과<b>탕후루</b> 물풍선', '크아CD' 등 다양한 보상을 제공하는 '크린이 놀이공원' 이벤트를 연다. 또한... 이벤트 시작 후 종료까지 40분 내 합산 점수에 따라 '의리없는형제(<b>2021</b>)' 칭호, '퀸셰어의귀걸이... ",2021-05-04 08:18:00+00:00,http://www.ddaily.co.kr/news/article.html?no=213668,https://n.news.naver.com/mnews/article/138/0002102844?sid=105
탕후루,2021,"넥슨, 게임 12종에서 가정의 달 기념 이벤트 진행","유저에게 '사과<b>탕후루</b> 물풍선', '크아CD' 등 다양한 보상을 제공하는 '크린이 놀이공원' 이벤트를 연다. 또한... 이벤트 시작 후 종료까지 40분 내 합산 점수에 따라 '의리없는형제(<b>2021</b>)' 칭호, '퀸셰어의귀걸이... ",2021-05-04 08:10:00+00:00,http://www.ekoreanews.co.kr/news/articleView.html?idxno=50458,http://www.ekoreanews.co.kr/news/articleView.html?idxno=50458
탕후루,2021,"넥슨, 5월 가정의 달 기념 자사 게임 12종에서 이벤트 진행","유저에게 '사과<b>탕후루</b> 물풍선', '크아CD' 등 다양한 보상을 제공하는 '크린이 놀이공원' 이벤트를 연다. 또한... 이벤트 시작 후 종료까지 40분 내 합산 점수에 따라 '의리없는형제(<b>2021</b>)' 칭호, '퀸셰어의귀걸이... ",2021-05-04 07:52:00+00:00,http://www.gvalley.co.kr/news/articleView.html?idxno=579695,http://www.gvalley.co.kr/news/articleView.html?idxno=579695
탕후루,2021,"넥슨, 5월 가정의 달 맞아 자사 게임 12종 이벤트 진행…다양한 아이템...","‘사과<b>탕후루</b> 물풍선’, ‘크아CD’ 등 다양한 보상을 제공하는 ‘크린이 놀이공원’ 이벤트를 연다. 또한... 이벤트 시작 후 종료까지 40분 내 합산 점수에 따라 ‘의리없는형제(<b>2021</b>)’ 칭호, ‘퀸셰어의귀걸이’... ",2021-05-04 07:45:00+00:00,http://www.xportsnews.com/?ac=article_view&entry_id=1420649,https://m.sports.naver.com/esports/article/311/0001294953
탕후루,2021,"넥슨 자사 게임12종, 가정의 달 맞이 이벤트 진행","유저에게 '사과<b>탕후루</b> 물풍선', '크아CD' 등 다양한 보상을 제공하는 '크린이 놀이공원' 이벤트를 연다. 또한... 이벤트 시작 후 종료까지 40분 내 합산 점수에 따라 '의리없는형제(<b>2021</b>)' 칭호, '퀸셰어의귀걸이... ",2021-05-04 07:24:00+00:00,http://www.onews.tv/news/articleView.html?idxno=70894,http://www.onews.tv/news/articleView.html?idxno=70894
탕후루,2021,넥슨 5월 가정의 달 기념 자사 게임 12종에서 이벤트 진행,"유저에게 '사과<b>탕후루</b> 물풍선', '크아CD' 등 다양한 보상을 제공하는 '크린이 놀이공원' 이벤트를 연다. 또한... 이벤트 시작 후 종료까지 40분 내 합산 점수에 따라 '의리없는형제(<b>2021</b>)' 칭호, '퀸셰어의귀걸이... ",2021-05-04 07:18:00+00:00,http://gamefocus.co.kr/detail.php?number=117087,http://gamefocus.co.kr/detail.php?number=117087
탕후루,2021,"넥슨, 5월 가정의 달 기념 자사 게임 12종에서 이벤트","유저에게 '사과<b>탕후루</b> 물풍선', '크아CD' 등 다양한 보상을 제공하는 '크린이 놀이공원' 이벤트를 연다. 또한... 이벤트 시작 후 종료까지 40분 내 합산 점수에 따라 '의리없는형제(<b>2021</b>)' 칭호, '퀸셰어의귀걸이... ",2021-05-04 07:16:00+00:00,http://www.businesskorea.co.kr/news/articleView.html?idxno=66351,http://www.businesskorea.co.kr/news/articleView.html?idxno=66351
탕후루,2021,"넥슨, 가정의 달 기념 자사 게임 12종서 이벤트 진행","유저에게 '사과<b>탕후루</b> 물풍선', '크아CD' 등 다양한 보상을 제공하는 '크린이 놀이공원' 이벤트를 연다. 또한... 이벤트 시작 후 종료까지 40분 내 합산 점수에 따라 △의리없는형제(<b>2021</b>)' 칭호 △퀸셰어의귀걸이... ",2021-05-04 07:14:00+00:00,http://www.newsprime.co.kr/news/article.html?no=542830,http://www.newsprime.co.kr/news/article.html?no=542830
탕후루,2021,"넥슨, 5월 가정의 달 맞이 게임 12종에서 기념 이벤트 시작","‘사과<b>탕후루</b> 물풍선’, ‘크아CD’ 등 다양한 보상을 제공하는 ‘크린이 놀이공원’ 이벤트를 연다. 또한... 이벤트 시작 후 종료까지 40분 내 합산 점수에 따라 ‘의리없는형제(<b>2021</b>)’ 칭호, ‘퀸셰어의귀걸이’... ",2021-05-04 07:06:00+00:00,https://daily.hankooki.com/lpage/ittech/202105/dh20210504160400138280.htm?s_ref=nv,https://daily.hankooki.com/lpage/ittech/202105/dh20210504160400138280.htm?s_ref=nv
탕후루,2021,넥슨 자사 게임 12종 가정의 달 이벤트 진행,"사과<b>탕후루</b> 물풍선, 크아CD 등의 보상을 제공하는 '크린이 놀이공원' 이벤트를 연다. 또 보물섬 내... 이벤트 시작 후 종료까지 40분 내 합산 점수에 따라 의리없는형제(<b>2021</b>) 칭호, 퀸셰어의귀걸이, 포장된달인의서(+30)등의... ",2021-05-04 06:56:00+00:00,https://www.ebn.co.kr/news/view/1482398/?sc=Naver,https://www.ebn.co.kr/news/view/1482398/?sc=Naver
탕후루,2021,"넥슨, 5월 가정의 달 기념 자사 게임 12종에서 다양한 이벤트 진행","유저에게 '사과<b>탕후루</b> 물풍선', '크아CD' 등 다양한 보상을 제공하는 '크린이 놀이공원' 이벤트를 연다. 또한... 이벤트 시작 후 종료까지 40분 내 합산 점수에 따라 '의리없는형제(<b>2021</b>)' 칭호, '퀸셰어의귀걸이... ",2021-05-04 06:40:00+00:00,http://www.startuptoday.co.kr/news/articleView.html?idxno=75631,http://www.startuptoday.co.kr/news/articleView.html?idxno=75631
탕후루,2021,"넥슨, 대규모 '가정의 달' 이벤트 연다","‘사과<b>탕후루</b> 물풍선’, ‘크아CD’ 등 다양한 보상을 제공하는 ‘크린이 놀이공원’ 이벤트를 연다. 또한... 이벤트 시작 후 종료까지 40분 내 합산 점수에 따라 ‘의리없는형제(<b>2021</b>)’ 칭호, ‘퀸셰어의귀걸이’... ",2021-05-04 06:34:00+00:00,http://www.pinpointnews.co.kr/view.php?ud=20210504145652784627695a3dd0_45,http://www.pinpointnews.co.kr/view.php?ud=20210504145652784627695a3dd0_45
탕후루,2021,"넥슨, 5월 가정의 달 기념 자사 게임 12종에서 이벤트 진행","‘사과<b>탕후루</b> 물풍선’, ‘크아CD’ 등 다양한 보상을 제공하는 ‘크린이 놀이공원’ 이벤트를 연다. 또한... 이벤트 시작 후 종료까지 40분 내 합산 점수에 따라 ‘의리없는형제(<b>2021</b>)’ 칭호, ‘퀸셰어의귀걸이’... ",2021-05-04 06:16:00+00:00,http://www.gameshot.net/common/con_view.php?code=GA6090e60d46392,http://www.gameshot.net/common/con_view.php?code=GA6090e60d46392
탕후루,2021,"넥슨, 5월 가정의 달 기념 자사 게임 12종에서 이벤트 진행","‘사과<b>탕후루</b> 물풍선’, ‘크아CD’ 등 다양한 보상을 제공하는 ‘크린이 놀이공원’ 이벤트를 연다. 또한... 이벤트 시작 후 종료까지 40분 내 합산 점수에 따라 ‘의리없는형제(<b>2021</b>)’ 칭호, ‘퀸셰어의귀걸이’... ",2021-05-04 06:08:00+00:00,https://www.gamechosun.co.kr/webzine/article/view.php?no=174435,https://www.gamechosun.co.kr/webzine/article/view.php?no=174435
탕후루,2021,"넥슨, 가정의 달 5월 기념 모바일·온라인 게임 12종 이벤트 진행","유저에게 '사과<b>탕후루</b> 물풍선', '크아CD' 등 다양한 보상을 제공하는 '크린이 놀이공원' 이벤트를 연다. 또한... 이벤트 시작 후 종료까지 40분 내 합산 점수에 따라 '의리없는형제(<b>2021</b>)' 칭호, '퀸셰어의귀걸이... ",2021-05-04 05:54:00+00:00,http://www.newsworks.co.kr/news/articleView.html?idxno=546481,http://www.newsworks.co.kr/news/articleView.html?idxno=546481
탕후루,2021,"넥슨, 5월 가정의 달 기념 자사 게임 12종에서 프로모션 진행","유저에게 '사과<b>탕후루</b> 물풍선', '크아CD' 등 다양한 보상을 제공하는 '크린이 놀이공원'을 연다. 또한... 시작 후 종료까지 40분 내 합산 점수에 따라 '의리없는형제(<b>2021</b>)' 칭호, '퀸셰어의귀걸이', '포장된달인의서(+30)' 등... ",2021-05-04 05:26:00+00:00,http://www.betanews.net:8080/article/1263766.html,http://www.betanews.net:8080/article/1263766.html
탕후루,2021,"넥슨, 5월 가정의 달 기념 자사 게임 12종에서 이벤트 진행","‘사과<b>탕후루</b> 물풍선’, ‘크아CD’ 등 다양한 보상을 제공하는 ‘크린이 놀이공원’ 이벤트를 연다. 또한... 이벤트 시작 후 종료까지 40분 내 합산 점수에 따라 ‘의리없는형제(<b>2021</b>)’ 칭호, ‘퀸셰어의귀걸이’... ",2021-05-04 05:18:00+00:00,http://www.inven.co.kr/webzine/news/?news=255425,https://m.sports.naver.com/esports/article/442/0000133562
탕후루,2021,"넥슨, 5월 가정의 달 기념 '카러플' 등 게임 12종 이벤트 진행","‘사과<b>탕후루</b> 물풍선’, ‘크아CD’ 등 다양한 보상을 제공하는 ‘크린이 놀이공원’ 이벤트를 연다. 또한... 이벤트 시작 후 종료까지 40분 내 합산 점수에 따라 ‘의리없는형제(<b>2021</b>)’ 칭호, ‘퀸셰어의귀걸이’... ",2021-05-04 05:12:00+00:00,http://apnews.kr/View.aspx?No=1590336,http://apnews.kr/View.aspx?No=1590336
탕후루,2021,"넥슨, 5월 가정의 달 기념 자사 게임 12종에서 이벤트 진행","‘사과<b>탕후루</b> 물풍선’, ‘크아CD’ 등 다양한 보상을 제공하는 ‘크린이 놀이공원’ 이벤트를 연다. 또한... 이벤트 시작 후 종료까지 40분 내 합산 점수에 따라 ‘의리없는형제(<b>2021</b>)’ 칭호, ‘퀸셰어의귀걸이’... ",2021-05-04 04:42:00+00:00,https://www.thisisgame.com/webzine/game/nboard/225/?n=124214,https://www.thisisgame.com/webzine/game/nboard/225/?n=124214
탕후루,2021,"넥슨, 5월 가정의 달 기념 자사 게임 12종 이벤트 진행","‘사과<b>탕후루</b> 물풍선’, ‘크아CD’ 등 다양한 보상을 제공하는 ‘크린이 놀이공원’ 이벤트를 연다. 또한... 이벤트 시작 후 종료까지 40분 내 합산 점수에 따라 ‘의리없는형제(<b>2021</b>)’ 칭호, ‘퀸셰어의귀걸이’... ",2021-05-04 04:26:00+00:00,http://www.thebigdata.co.kr/view.php?ud=202105041324174100d0a8833aad_23,http://www.thebigdata.co.kr/view.php?ud=202105041324174100d0a8833aad_23
탕후루,2021,"넥슨, 가정의 달 5월 '게임 종합선물세트' 이벤트 진행","‘사과<b>탕후루</b> 물풍선’, ‘크아CD’ 등 다양한 보상을 제공하는 ‘크린이 놀이공원’ 이벤트를 연다. 또한... 이벤트 시작 후 종료까지 40분 내 합산 점수에 따라 ‘의리없는형제(<b>2021</b>)’ 칭호, ‘퀸셰어의귀걸이’... ",2021-05-04 04:26:00+00:00,http://www.megaeconomy.co.kr/news/newsview.php?ncode=1065586572861437,http://www.megaeconomy.co.kr/news/newsview.php?ncode=1065586572861437
탕후루,2022,"김태욱, 상장 1년 만 롬앤으로 ‘<b>2022</b> 올영어워즈’ 1위",아이패밀리에스씨 색조 전문 브랜드 롬앤이 ‘<b>2022</b> 올리브영 어워즈&amp;페스타’ 립틴트 부문에서 1위와 3위를... 립틴트 부문 1위를 차지한 쥬시래스팅 틴트 베어그레이프는 ‘<b>탕후루</b>처럼 밝게 차오르는 광택 입술에... ,2022-12-17 23:15:00+00:00,https://www.mk.co.kr/article/10572367,https://n.news.naver.com/mnews/article/009/0005061728?sid=103
탕후루,2022,"김태욱, 상장 1년만에 롬앤으로 ‘<b>2022</b> 올영어워즈’ 1위 쾌거",㈜아이패밀리에스씨(회장 김태욱)의 색조 전문 브랜드 롬앤이 '<b>2022</b> 올리브영 어워즈&amp;페스타' 립틴트... 이번 립틴트 부문 1위를 차지한 쥬시래스팅 틴트 베어그레이프는 '<b>탕후루</b>처럼 밝게 차오르는 광택 입술에 쿨하게... ,2022-12-16 03:27:00+00:00,http://news.heraldcorp.com/view.php?ud=20221216000410,https://n.news.naver.com/mnews/article/016/0002079286?sid=103
탕후루,2022,[<b>2022</b> 베이징 동계올림픽] 빙둔둔 인기 '고공행진'… 기념품 '불티,올림픽 마스코트 인기 대폭발 기념품숍 앞에 수백 미터 대기행렬 온라인서 '인증샷'도 유행 빙둔둔 [사진=<b>2022</b>... 빙둔둔이 탄생하기까지 무려 6000개의 캐릭터가 후보에 올랐는데 중국 대표 간식인 빙<b>탕후루</b>(冰糖葫蘆)를... ,2022-02-07 06:20:00+00:00,https://www.ajunews.com/view/20220207101924087,https://www.ajunews.com/view/20220207101924087
탕후루,2022,"아이패밀리에스씨 &quot;롬앤, '<b>2022</b> 올영어워즈&amp;페스타' 립 메이크업1위&quot;",아이패밀리에스씨의는색조 전문 브랜드 롬앤이 `<b>2022</b> 올리브영 어워즈&amp;페스타` 립 메이크업 부문에서 1위와... 회사 관계자는 &quot; 쥬시래스팅 틴트 베어그레이프는 '<b>탕후루</b>처럼 밝게 차오르는 광택 입술에 쿨하게 스며들어... ,2022-12-16 01:51:00+00:00,http://news.mt.co.kr/mtview.php?no=2022121610351319203,https://n.news.naver.com/mnews/article/008/0004829828?sid=101
탕후루,2022,"마산대 의료관광중국어과, ‘<b>2022</b> 경남관광박람회’ 홍보관 우수상","주관한‘<b>2022</b> 경남관광박람회’에서 홍보관 우수상을 받았다고 4일 밝혔다. 지난 달 30일부터 7월 2일까지... 보이차’, ‘<b>탕후루</b> 만들기’를 선보이며 박람회장을 찾은 방문객으로부터 호평을 받았다. 하계 방학 중임에도... ",2022-07-04 14:45:00+00:00,https://www.pressian.com/pages/articles/2022070423432150789?utm_source=naver&utm_medium=search,https://n.news.naver.com/mnews/article/002/0002249911?sid=102
탕후루,2022,"마산대 의료관광중국어과, ‘<b>2022</b> 경남관광박람회’ 홍보관 우수상 수상","주관한‘<b>2022</b> 경남관광박람회’에서 홍보관 우수상을 수상했다. 지난 6월30일부터 7월2일까지 3일간... 보이차’, ‘<b>탕후루</b> 만들기’를 선보였다. 특히 하계 방학 중임에도 1-2학년 재학생 12명이 3일간 방문객 친화형... ",2022-07-04 04:36:00+00:00,http://www.kukinews.com/newsView/kuk202207040102,http://www.kukinews.com/newsView/kuk202207040102
탕후루,2022,"베이징올림픽 마스코트, 애초엔 판다가 아니라 ‘먹는 것’이었다","(CCTV)은 최근 빙둔둔의 탄생 과정을 소개하면서, 애초 올림픽 캐릭터로 고려된 것이 ‘<b>탕후루</b>’였다고... 리우핑윈은 “예전 이미지와 어떻게 다르게 할 것인지가 많이 어려웠다”며 “<b>2022</b>년을 미래적이고 과학적인... ",2022-02-10 02:51:00+00:00,https://www.hani.co.kr/arti/international/international_general/1030535.html,https://n.news.naver.com/mnews/article/028/0002578648?sid=104
탕후루,2022,대만의 제이슨 청 100위 진입 초읽기,올해 20살인 제이슨은 부모가 야시장에서 <b>탕후루</b>를 팔며 아들의 테니스 교육비를 댔기에 대만 언론에서 &quot;야시장 챔피언&quot;이라는 별명을 붙였다. 제이슨은 <b>2022</b>년 4월 11일에 세계 랭킹 125위 라는 커리어 하이 ATP... ,2022-04-21 22:30:00+00:00,http://www.tennispeople.kr/news/articleView.html?idxno=13659,http://www.tennispeople.kr/news/articleView.html?idxno=13659
탕후루,2022,[카드뉴스] 경기 광주시 주요뉴스 (11월 18일),"▣ <b>2022</b> 아동학대예방 캠페인 '따뜻한 관찰' 개최 광주시는 18일 세계 아동학대 예방의 날(11월 19일)을 기념해... 토떡토떡 <b>탕후루</b>, 건강 가지차 등)를 개발해 100명의 시민들에게 풀코스로 대접했다. 특히, 이날 시식한... ",2022-11-18 11:58:00+00:00,http://www.weeklytoday.com/news/articleView.html?idxno=543349,http://www.weeklytoday.com/news/articleView.html?idxno=543349
탕후루,2022,[베이징을 가다] ① 주가 폭등 위드코로나 테마주 북경오리구이 전취덕...,"전취덕은 <b>2022</b>년 1~3분기 실적 보고서에서 1억 7500만의 위안의 결손을 냈다고 밝혔다. 전년동기 대비162%가... 다짜란의 반대쪽 센위커우 미식거리에는 루주와 자장면, <b>탕후루</b> 등 베이징의 오래된 전통 음식과 베이징식 스낵... ",2022-12-21 06:02:00+00:00,http://www.newspim.com/news/view/20221221000613,http://www.newspim.com/news/view/20221221000613
탕후루,2022,청정 제주 1차산품·특산물이 한자리에,"제주일보는 28일부터 29일까지 이틀간 제주시 도남동 시민복지타운 광장 일대에서 '<b>2022</b> 청정 제주 1차산품 및... 행운의 기회가 제공되며, 클렌즈 주스와 감귤 <b>탕후루</b>를 직접 만들고 맛볼 수 있는 체험 부스도 운영되고 있다.",2022-10-28 09:46:00+00:00,http://www.jejunews.com/news/articleView.html?idxno=2197551,http://www.jejunews.com/news/articleView.html?idxno=2197551
탕후루,2022,마산대 의료관광중국어과 '경남관광박람회' 우수 홍보관 선정,"기사내용 요약 판다 종이접기, <b>탕후루</b> 만들기 등 호평 마산대학교 의료관광중국어과는 '<b>2022</b>년 경남관광박람회'에 처음 참가해 홍보관 운영 우수상을 받았다고 4일 밝혔다. 제10회를 맞은 경남관광박람회는 경남도와... ",2022-07-04 01:17:00+00:00,http://www.newsis.com/view/?id=NISX20220704_0001929839&cID=10812&pID=10800,https://n.news.naver.com/mnews/article/003/0011283068?sid=102
탕후루,2022,기회의 땅 한국에 온 선수들,부모가 야시장에서 <b>탕후루</b>를 팔며 아들의 테니스 교육비를 댔기에 대만 언론에서 &quot;야시장 챔피언&quot;이라는 별명을 붙였다. 제이슨은 <b>2022</b>년 4월 11일에 세계 랭킹 125위 라는 커리어 하이... ,2022-09-29 08:12:00+00:00,http://www.tennispeople.kr/news/articleView.html?idxno=13975,http://www.tennispeople.kr/news/articleView.html?idxno=13975
탕후루,2022,얼마 만인가! '명동 프리덤',"소상공인 상권정보시스템을 분석한 결과 <b>2022</b>년 8월 명동 거리 일대 일평균 유동인구는 11만5011명을 기록했다. 전년 동기 대비 36% 증가한 수치다. 계란빵, <b>탕후루</b>, 꼬마김밥 등 다양한 종류의 먹거리 노점상 역시 다시... ",2022-10-14 11:07:00+00:00,https://www.mk.co.kr/economy/view/2022/886091,https://n.news.naver.com/mnews/article/024/0000077765?sid=101
탕후루,2022,VR 인체탐험·머신러닝 날씨교실 … 괴짜 과학선생님들의 도전,선발해 '<b>2022</b> 올해의 과학교사상'을 시상한다고 13일 밝혔다. 과학교사상은 과학교육 내실화에 기여한 교사와... 그는 화학수업 이해도를 높이고자 양적관계에서의 한계반응물을 과일꼬치에 비유해 설명한 후 <b>탕후루</b>를... ,2022-12-13 07:40:00+00:00,https://www.mk.co.kr/article/10566829,https://n.news.naver.com/mnews/article/009/0005059508?sid=105
탕후루,2022,"용인시청소년수련관, 6개국 청소년들의 '세계를 담은 식탁'","(투르크메니스탄), <b>탕후루</b>(중국) ‣4조 부대찌개(대한민국), 버벌차차(말레이시아), 콜라닭날개(중국) 총 12개의 요리 영상을 촬영했다. 이 영상은 <b>2022</b>. 8. 27. [글로벌 청소년 요리 셰프 대전]에서 공개된다. 이번 청소년... ",2022-08-23 15:54:00+00:00,http://www.paxetv.com/news/articleView.html?idxno=152168,http://www.paxetv.com/news/articleView.html?idxno=152168
탕후루,2022,제주 청정 농·수·축·임산물 한 자리서 만난다,제주일보는 28일부터 29일까지 양일간 제주시민복지타운 광장 일원에서 '<b>2022</b> 청정 제주 1차산품 및 특산물... 클렌즈 주스와 감귤 <b>탕후루</b>를 직접 만들고 맛볼 수 있는 체험 부스도 운영된다. 이날 행사는 2년 만에 드라이브... ,2022-10-27 06:30:00+00:00,http://www.jejunews.com/news/articleView.html?idxno=2197503,http://www.jejunews.com/news/articleView.html?idxno=2197503
탕후루,2022,"순천향대, 공자아카데미 개원 15주년 기념행사 개최","(제공: 순천향대학교) ⓒ천지일보 <b>2022</b>.09.29 순천향대학교(총장 김승우) 공자아카데미가 28일 교내에서 개원... 프로그램과 <b>탕후루</b>, 차예단, 나이차 등 중국 대표 음식 체험 프로그램을 운영해 학생의 뜨거운 호응을... ",2022-09-29 11:10:00+00:00,http://www.newscj.com/article/20220929580690,http://www.newscj.com/article/20220929580690
탕후루,2022,"순천향대 공자아카데미, '개원 15주년 기념행사' 개최…중국문화 체험프...","이번 행사는 3년만에 개최된 대학 축제 '<b>2022</b> 피닉시아(PHOENIXIA)'와 함께 진행됐으며, 지난 2007년 개원한... 프로그램과 '<b>탕후루</b>·차예단·나이차' 등 중국 대표 음식체험 프로그램을 운영해 학생들의 뜨거운 호응을 얻었다.... ",2022-09-29 10:56:00+00:00,http://www.ccdn.co.kr/news/articleView.html?idxno=782305,http://www.ccdn.co.kr/news/articleView.html?idxno=782305
탕후루,2022,순천향대 공자아카데니 '개원 15주년 기념행사' 개최..중국 문화체험등...,"이번 행사는 3년 만에 개최된 대학 축제 '<b>2022</b> 피닉시아(PHOENIXIA)'와 함께 진행됐으며, 지난 2007년 개원한... 프로그램과 <b>탕후루</b>, 차예단, 나이차 등 중국 대표 음식 체험 프로그램을 운영해 학생들의 뜨거운 호응을 얻었다.... ",2022-09-29 08:58:00+00:00,http://www.dynews.co.kr/news/articleView.html?idxno=674987,http://www.dynews.co.kr/news/articleView.html?idxno=674987
탕후루,2022,"순천향대, 공자아카데미 개원 15주년 기념행사…다채로운 중국 문화체험","29일 순천향대에 따르면 이번 행사는 3년 만에 개최된 대학 축제 '<b>2022</b> 피닉시아(PHOENIXIA)'와 함께 진행했으며... 프로그램과 <b>탕후루</b>, 차예단, 나이차 등 중국 대표 음식 체험 프로그램을 운영해 호응을 얻었다.박형춘 원장은... ",2022-09-29 07:00:00+00:00,https://www.asiatoday.co.kr/view.php?key=20220929010017531,https://www.asiatoday.co.kr/view.php?key=20220929010017531
탕후루,2022,"순천향대 공자아카데미, ‘개원 15주년 기념행사’ 개최...중국 문화체험...","이번 행사는 3년 만에 개최된 대학 축제 '<b>2022</b> 피닉시아(PHOENIXIA)'와 함께 진행됐으며, 지난 2007년 개원한... 프로그램과 <b>탕후루</b>, 차예단, 나이차 등 중국 대표 음식 체험 프로그램을 운영해 학생들의 뜨거운 호응을 얻은... ",2022-09-29 05:10:00+00:00,http://www.metroseoul.co.kr/article/20220929500396,http://www.metroseoul.co.kr/article/20220929500396
탕후루,2022,"순천향대 공자아카데미, '개원 15주년 기념행사'…중국 문화체험 풍성","공자아카데미에 따르면 이번 행사는 3년 만에 개최된 대학 축제 '<b>2022</b> 피닉시아(PHOENIXIA)'와 함께 진행됐다.... 프로그램과 <b>탕후루</b>, 차예단, 나이차 등 중국 대표 음식 체험 프로그램을 운영해 학생들의 뜨거운 호응을... ",2022-09-29 00:58:00+00:00,https://daily.hankooki.com/news/articleView.html?idxno=876739,https://daily.hankooki.com/news/articleView.html?idxno=876739
탕후루,2022,"순천향대 공자아카데미, 개원 15주년 기념행사 개최","양국의 우호 증진과 이해 확대를 위해 마련된 이번 행사는 3년 만에 개최된 대학 축제 <b>2022</b> 피닉시아와 함께... 이와 함께 <b>탕후루</b>, 차예단, 나이차 등 중국의 대표 음식 체험 프로그램은 참여 학생들의 호응을 얻었다. 박형춘... ",2022-09-29 00:08:00+00:00,https://www.viva100.com/main/view.php?key=20220929010007405,https://www.viva100.com/main/view.php?key=20220929010007405
탕후루,2022,순천향대 공자아카데미 '개원 15주년 기념행사' 개최,이번 행사는 3년 만에 개최된 대학 축제 '<b>2022</b> 피닉시아(PHOENIXIA)'와 함께 진행됐으며 2007년 개원한... 프로그램과 <b>탕후루</b> 차예단 나이차 등 중국 대표 음식 체험 프로그램을 운영해 학생들의 뜨거운 호응을 얻었다. 박형춘... ,2022-09-28 12:16:00+00:00,http://www.veritas-a.com/news/articleView.html?idxno=430602,http://www.veritas-a.com/news/articleView.html?idxno=430602
탕후루,2022,"순천향대 공자아카데미, '한·중 수교 30주년 기념행사' 개최","'서예로 나만의 부채 만들기' 체험 프로그램 진행 장면/순천향대 제공 이번 행사는 대학 축제 '<b>2022</b> 피닉시아... 프로그램과 <b>탕후루</b>, 차예단, 나이차 등 중국 대표 음식 체험 프로그램을 운영해 학생들의 뜨거운 호응을... ",2022-09-28 09:30:00+00:00,http://www.ccnnews.co.kr/news/articleView.html?idxno=270708,http://www.ccnnews.co.kr/news/articleView.html?idxno=270708
탕후루,2022,"초간단 가을 고구마 요리 레시피 모음 (고구마 맛탕, 다이어트 고구마빵...",<b>탕후루</b> 급으로 바삭한 식감이 특징이며 술안주로도 탁월해요. 마지막에 버터를 넣어 볶아주고... https://www.allurekorea.com/<b>2022</b>/09/07/%ec%b6%9c%ec%82%b0-%ed%9b%84-11kg-%ea%b0%90%eb%9f%89%ed%95%9c-%ed%95%9c%ec%a7%80%ed%98%9c-%eb%8b... ,2022-09-14 02:56:00+00:00,https://www.allurekorea.com/2022/09/14/%eb%8b%ac%ec%bd%a4%ed%95%9c-%ea%b0%80%ec%9d%84-%ea%b3%a0%ea%b5%ac%eb%a7%88-%eb%8b%a4%ec%9d%b4%ec%96%b4%ed%8a%b8-%ea%b0%84%ec%8b%9d-%eb%aa%a8%ec%9d%8c-zip/?utm_source=naver&utm_medium=partnership,https://www.allurekorea.com/2022/09/14/%eb%8b%ac%ec%bd%a4%ed%95%9c-%ea%b0%80%ec%9d%84-%ea%b3%a0%ea%b5%ac%eb%a7%88-%eb%8b%a4%ec%9d%b4%ec%96%b4%ed%8a%b8-%ea%b0%84%ec%8b%9d-%eb%aa%a8%ec%9d%8c-zip/?utm_source=naver&utm_medium=partnership
탕후루,2022,"[포토타임] 3년 만에 열리는 가을 대학축제, 이화여대, 서울대, 연대…","■ <b>2022</b>.09.14 오후 5:00 3년 만에 열리는 가을 대학축제, 이화여대, 서울대, 연대… 이화여대가 2019년 가을... 14일 대동제가 열린 서울 서대문구 이화여자대학교에서 융합보건학과 학생들이 <b>탕후루</b>를 만들고 있다. 춤... ",2022-09-13 23:50:00+00:00,https://www.joongang.co.kr/article/25101492,https://n.news.naver.com/mnews/article/025/0003223532?sid=102
탕후루,2022,"인센티브만 15억…입 벌어지는 웹툰 작가, 연봉은?","웹툰 콘텐츠 제작사 와이랩이 <b>2022</b>년 4월 발표한 자료만 봐도 웹툰 작가들의 수입은 이미 ‘넘사벽(넘을 수... 주호민은 ‘신과함께’, ‘무한동력’, ‘빙<b>탕후루</b>’ 등 네이버웹툰의 유명 만화를 그린 작가입니다.... ",2022-04-29 21:01:00+00:00,https://misaeng.chosun.com/site/data/html_dir/2022/04/27/2022042701915.html?utm_source=naver&utm_medium=referral&utm_campaign=misaeng,https://n.news.naver.com/mnews/article/023/0003688609?sid=102
탕후루,2022,"마산대 의료관광중국어과, 경남관광박람회 홍보관 우수상","의료관광중국어과가 ‘<b>2022</b> 경남관광박람회’에서 홍보관 우수상을 받았다고 4일 밝혔다. 의료관광중국어과는 이번 박람회 행사에서 전 연령대를 아우르는 ‘판다 종이접기’, ‘시원한 보이차’, ‘<b>탕후루</b> 만들기’를... ",2022-07-05 05:36:00+00:00,http://www.knnews.co.kr/news/articleView.php?idxno=1380412,http://www.knnews.co.kr/news/articleView.php?idxno=1380412
탕후루,2022,"[생활경제뉴스] 한솥 도시락, '나시고랭 콤보' 한정 출시 外",△네이처리퍼블릭은 끈적임 없이 입술에 매끈하게 밀착돼 <b>탕후루</b> 광택을 연출해 주는 '바이플라워 글라스... △동아오츠카의 국내 1위 이온음료 포카리스웨트가 오는 2일 개막하는 '<b>2022</b> 신한은행 SOL KBO 리그' 공식음료로... ,2022-04-01 04:04:00+00:00,http://www.busan.com/view/busan/view.php?code=2022040110353061457,https://n.news.naver.com/mnews/article/082/0001148876?sid=101
탕후루,2022,엔데믹 시동에 색조메이크업 시장 꿈틀…‘신상 립 제품’ 눈길,네이처리퍼블릭은 끈적임 없이 입술에 매끈하게 밀착되어 <b>탕후루</b> 광택을 연출해 주는 ‘바이플라워 글라스... 출시하며 <b>2022</b> SS컬렉션 립 제품 라인업을 다양화했다. 각 제품마다 총 3가지 색상이 구성됐으며 데일리... ,2022-04-15 23:00:00+00:00,https://view.asiae.co.kr/article/2022041518434086841,https://n.news.naver.com/mnews/article/277/0005074792?sid=101
탕후루,2022,"앰플엔, 기미·잡티케어 '블레미샷 앰플' 출시… 컬래버 기획세트 봇물",네이처리퍼블릭 '바이플라워 글라스 듀 틴트' 네이처리퍼블릭이 끈적임 없이 밀착돼 <b>탕후루</b> 광택을 연출해... 마데카 크림 스틱은 2015년 첫 출시 이후 3100만 개의 누적 판매량(<b>2022</b>년 2월 기준)을 기록한 베스트셀러... ,2022-04-01 02:36:00+00:00,http://www.bokuennews.com/news/article.html?no=214986,http://www.bokuennews.com/news/article.html?no=214986
탕후루,2022,&quot;9배 이상 가격 뛰어&quot;…황대헌 손에 쥔 '빙둔둔'의 치솟는 인기,<b>2022</b> 베이징동계올림픽 마스코트는 판다를 형상화한 ‘빙둔둔’입니다. 중국의 대표적 동물로 예상... 당초 올림픽 캐릭터로는 붉은 산사나무 열매를 대나무 꼬치에 줄줄이 꿰 설탕옷을 입힌 ‘<b>탕후루</b>’가... ,2022-02-11 06:23:00+00:00,http://mbn.mk.co.kr/pages/news/newsView.php?category=mbn00008&news_seq_no=4697946,https://n.news.naver.com/mnews/article/057/0001641691?sid=104
탕후루,2023,황제<b>탕후루</b> '<b>2023</b> 올해의 국민 브랜드 대상' 탕후루 프랜차이즈 부문 수...,황제<b>탕후루</b>가 '<b>2023</b> 올해의 국민 브랜드 대상'에서 <b>탕후루</b> 프랜차이즈 부문 수상을 확정했다. 올해의 국민 브랜드 대상은 한 해를 빛낸 최고의 브랜드를 뽑는 시상이다. 수많은 브랜드들이 각자 영역에서 한 해 동안... ,2023-12-22 04:02:00+00:00,https://www.itbiznews.com/news/articleView.html?idxno=121680,https://www.itbiznews.com/news/articleView.html?idxno=121680
탕후루,2023,"동문시장 &quot;봉봉<b>탕후루</b>&quot;, <b>2023</b> KBEI 한국브랜드 소비자평가 대상' 중식 부...","기호일보 - 아침을 여는 신문, KIHOILBO 동문시장 <b>탕후루</b>를 대표하는 '봉봉<b>탕후루</b>'가 한국브랜드 주최, 중앙일보 후원 '<b>2023</b> KBEI 한국브랜드 소비자평가 대상'에서 중식 디저트 부문(<b>탕후루</b>) 대상을 수상했다. 제주 전통시장... ",2023-12-21 01:18:00+00:00,http://www.kihoilbo.co.kr/news/articleView.html?idxno=1064380,http://www.kihoilbo.co.kr/news/articleView.html?idxno=1064380
탕후루,2023,"<b>2023</b> 배달음식 트렌드, <b>탕후루</b>+마라로제 열전",예측한 '배민트렌드<b>2023</b> 가을·겨울편'을 공개했다. 올해 트렌드는 지난해까지만 해도 찾아보기 힘들었던 <b>탕후루</b>가 혜성처럼 등장했다. <b>탕후루</b>는 꼬치에 다양한 과일을 끼워 설탕을 묻혀 먹는 중국 전통 디저트로... ,2023-09-13 08:52:00+00:00,http://www.sportsq.co.kr/news/articleView.html?idxno=456613,http://www.sportsq.co.kr/news/articleView.html?idxno=456613
탕후루,2023,&quot;이 <b>탕후루</b>는 보면 무조건 신고하세요&quot;..세균 '과다검출' <b>탕후루</b>,"이중 한 <b>탕후루</b> 프랜차이즈 업체는 <b>2023</b>년 2월까지 전국에 50여개의 점포가 있었지만, 5개월 만에 300여개의 점포를 개점하기도 했다. #<b>탕후루</b> #세균과다검출 #식약처경고",2023-10-18 22:57:00+00:00,http://www.fnnews.com/news/202310190743305965,https://n.news.naver.com/mnews/article/014/0005088024?sid=103
탕후루,2023,'와그작' <b>탕후루</b> 씹는 맛의 과학적 비밀,"아무리 맛있는 음식도 서둘러 먹으면 탈이 난다는 조상들의 말씀은 <b>2023</b>년 <b>탕후루</b>에도 그대로 적용되나 봅니다. ● <b>탕후루</b>, 과학적으로 만드는 방법 <b>탕후루</b>를 과학적으로 절대 망치지 않고 만들 수 있는 꿀팁을 소개합니다.... ",2023-11-10 23:01:00+00:00,https://www.dongascience.com/news/view/62389,https://n.news.naver.com/mnews/article/584/0000024898?sid=105
탕후루,2023,"<b>탕후루</b>, 인기 벌써 하락세? 정점 찍고 감소하는 모양새","검색 데이터를 조사 분석하는 아하트렌드가 공정거래위원회 가맹 사업자로 등록된 외식 프랜차이즈 4,500개의 검색 데이터를 조사한 결과 <b>탕후루</b> 브랜드들의 <b>2023</b>년 10월 검색량이 전월인 9월 대비하여 -43%로 크게... ",2023-11-09 05:22:00+00:00,http://www.dailypop.kr/news/articleView.html?idxno=73103,http://www.dailypop.kr/news/articleView.html?idxno=73103
탕후루,2023,"<b>탕후루</b>·마라탕 인기, 벌써 식었나? 브랜드 검색량 '뚝'",검색 분석 플랫폼 아하트렌드가 검색 데이터를 조사한 결과 <b>탕후루</b> 브랜드들의 <b>2023</b>년 10월 검색량이 전월에 비해 43% 감소한 것으로 나타났다. 본 조사는 검색 분석 플랫폼 아하트렌드에서 포털 네이버 검색량을... ,2023-11-09 04:18:00+00:00,https://magazine.hankyung.com/business/article/202311094109b,https://n.news.naver.com/mnews/article/050/0000069419?sid=101
탕후루,2023,<b>탕후루</b>·마라탕 인기 시들…겨울철 '진정한 강자' 컴백,"7일 검색 데이터 조사분석기업 아하 트렌드에 따르면, <b>탕후루</b> 브랜드들의 <b>2023</b>년 10월 검색량이 전월인 9월 대비 43% 감소한 것으로 나타났다. 해당 조사는 공정거래위원회 가맹 사업자로 등록된 외식 프랜차이즈... ",2023-11-08 06:27:00+00:00,https://view.asiae.co.kr/article/2023110811111019052,https://n.news.naver.com/mnews/article/277/0005337917?sid=102
탕후루,2023,"<b>탕후루</b> 인기 꺾였나? 브랜드 검색량, 한달 만에 43% 뚝",국내 4500개 외식 브랜드 검색 데이터 조사 <b>탕후루</b> 검색량 8월에 정점 찍고 두 달 감소 <b>탕후루</b> 브랜드들의 <b>2023</b>년 10월 검색량이 전월인 9월 대비하여 -43%로 크게 감소한 것으로 나타났다. 검색 데이터를 조사 분석하는... ,2023-11-08 05:32:00+00:00,https://www.ebn.co.kr/news/view/1598930/?sc=Naver,https://www.ebn.co.kr/news/view/1598930/?sc=Naver
탕후루,2023,&quot;<b>탕후루</b> 인기 벌써 꺾였나&quot; <b>탕후루</b> 프랜차이즈 브랜드 검색량 전월 대비...,"검색 데이터를 조사 분석하는 아하트렌드가 공정거래위원회 가맹 사업자로 등록된 외식 프랜차이즈 4,500개의 검색 데이터를 조사한 결과 <b>탕후루</b> 브랜드들의 <b>2023</b>년 10월 검색량이 전월인 9월 대비하여 -43%로 크게 감소한... ",2023-11-08 02:34:00+00:00,https://www.sommeliertimes.com/news/articleView.html?idxno=125975,https://www.sommeliertimes.com/news/articleView.html?idxno=125975
탕후루,2023,원리를 알면 더 맛있다! <b>탕후루</b>에 숨겨진 과학,"실제로 한 <b>탕후루</b> 프랜차이즈 업체는 <b>2023</b>년 2월 전국에 점포가 50여 개였는데, 5개월 만에 300여 개의 점포로 증가했다고 한다. 한국에서의 <b>탕후루</b> 인기를 실감할 수 있겠다. <b>탕후루</b>가 유행인 만큼 집에서 직접 만드는 방법도... ",2023-10-30 02:12:00+00:00,https://www.ohmynews.com/NWS_Web/View/at_pg.aspx?CNTN_CD=A0002973232&CMPT_CD=P0010&utm_source=naver&utm_medium=newsearch&utm_campaign=naver_news,https://n.news.naver.com/mnews/article/047/0002411019?sid=103
탕후루,2023,"[청소년신문]<b>탕후루</b>, 이대로 괜찮을까?","<b>2023</b> 핫한 간식거리 '<b>탕후루</b>'. 최근, 수많은 사람들의 소중한 간식거리가 되는 음식이 하나 있다. 바로 <b>탕후루</b>다. <b>탕후루</b>가 우리나라에서 처음 소개된 것은 아니다. 몇년 전, <b>탕후루</b>는 한 번 우리나라를 왔다 간 적 있다.... ",2023-10-26 15:36:00+00:00,http://www.gjdream.com/news/articleView.html?idxno=635179,http://www.gjdream.com/news/articleView.html?idxno=635179
탕후루,2023,"MZ세대 사랑받는 <b>탕후루</b>, 프랜차이즈 성공 업체만의 브랜드 비결, 전략...",<b>2023</b>년 시작된 <b>탕후루</b> SNS 인기 덕분에 약 6년의 기다림 끝에 급상승세를 이룬 것이다. '달콤왕가<b>탕후루</b>'는 홈페이지에서 '줄을 서서 기다리거나 먼 거리도 마다하지 않으며 디저트를 맛보는 '작은 사치'를 통해 행복감을... ,2023-10-20 10:08:00+00:00,https://www.mhns.co.kr/news/articleView.html?idxno=564044,https://www.mhns.co.kr/news/articleView.html?idxno=564044
탕후루,2023,[이로운 리뷰] '<b>탕후루</b>'의 달달함 속 건강•환경 위험,"그래서 <b>2023</b>년 들어 급격히 늘어난 <b>탕후루</b> 샵을 우리 주변에서 많이 볼 수 있게 되었고, 그러다보니 아이들의 손에도 <b>탕후루</b> 들려 있는 모습이 낮설지 않다. 그러나 <b>탕후루</b>는 아이들이나 어른 모두에게 권장할만한 음식은... ",2023-10-04 01:02:00+00:00,https://www.eroun.net/news/articleView.html?idxno=37798,https://www.eroun.net/news/articleView.html?idxno=37798
탕후루,2023,[<b>2023</b> 국감] <b>탕후루</b>·도넛 등 단맛 유행에 10대 충치환자 100만명 돌파,10대 인구 중 충치 환자 2017년 14.7%→2022년 21.9%로 급증 달콤한 간식이 유행하면서 10대 청소년 5명 중 1명이 충치를 앓고 있는 것으로 나타났다. 10일 국회 보건복지위원회 소속 이종성 국민의힘 의원실이... ,2023-10-10 08:52:00+00:00,https://www.asiatoday.co.kr/view.php?key=20231010010004154,https://www.asiatoday.co.kr/view.php?key=20231010010004154
탕후루,2023,<b>2023</b>년 10월 프랜차이즈 정보공개서 신규등록 174개 브랜드 공개,싱싱마라탕&amp;<b>탕후루</b> 외식 20231572 신규등록 <b>2023</b>-10-27 경기도 67 안춘공주얼큰이칼국수천안본점 안춘공주얼큰이칼국수 외식 20231551 신규등록 <b>2023</b>-10-25 조정원 68 아이스짱송내점 아이스짱... ,2023-11-13 23:12:00+00:00,http://www.shinailbo.co.kr/news/articleView.html?idxno=1785807,http://www.shinailbo.co.kr/news/articleView.html?idxno=1785807
탕후루,2023,<b>2023</b>년 7월 프랜차이즈 정보공개서 신규등록 150개 브랜드 공개,신규등록 <b>2023</b>-07-20 부산시 32 황제<b>탕후루</b>와대왕닭꼬치 황제<b>탕후루</b> 외식 20231041 신규등록 <b>2023</b>-07-18 서울시 33 필프리(FEELFREE) 필프리(FEEL FREE) 외식 20231033 신규등록 <b>2023</b>-07-14 서울시 34... ,2023-08-09 23:12:00+00:00,http://www.shinailbo.co.kr/news/articleView.html?idxno=1744135,http://www.shinailbo.co.kr/news/articleView.html?idxno=1744135
탕후루,2023,<b>2023</b>년 4월 프랜차이즈 정보공개서 신규등록 134개 브랜드 공개,대단한 <b>탕후루</b> 외식 20230601 신규등록 <b>2023</b>-04-25 인천시 96 (주)다은푸드 라이스로다 외식 20230574 신규등록 <b>2023</b>-04-19 경기도 97 복인아구찜 복인아구찜 외식 20230501 신규등록 <b>2023</b>-04-05 서울시 98... ,2023-05-04 07:12:00+00:00,http://www.shinailbo.co.kr/news/articleView.html?idxno=1698463,http://www.shinailbo.co.kr/news/articleView.html?idxno=1698463
탕후루,2023,연도별로 유행한 간식 총정리... 추억 돋네요,"<b>2023</b>년은 단연코 <b>탕후루</b>다. 이번 유행으로 <b>탕후루</b>는 인기도 정말 많지만 관련된 이슈들도 정말 많이 생겨났다. 건강 문제, 길거리 쓰레기 증가 문제 등 심각한 사회적 문제와 함께 과일에서 시작한 <b>탕후루</b>가 가래떡 <b>탕후루</b>... ",2023-11-08 04:44:00+00:00,https://www.ohmynews.com/NWS_Web/View/at_pg.aspx?CNTN_CD=A0002976050&CMPT_CD=P0010&utm_source=naver&utm_medium=newsearch&utm_campaign=naver_news,https://n.news.naver.com/mnews/article/047/0002412019?sid=103
탕후루,2023,요기요 “<b>2023</b>년 최애 배달 음식은 <b>탕후루</b>”...전년비 주문수 1만4332%↑,요기요 “<b>2023</b>년 최애 배달 음식은 <b>탕후루</b>”...전년비 주문수 1만4332%↑ 국내 배달앱 요기요는 <b>2023</b>년 한 해 동안 고객들에게 가장 많은 인기를 얻었던 ‘신규 배달 인기 메뉴’를 공개한다고 21일 밝혔다. 이번 조사는... ,2023-12-21 01:02:00+00:00,https://www.viva100.com/main/view.php?key=20231221010006600,https://www.viva100.com/main/view.php?key=20231221010006600
탕후루,2023,[<b>2023</b> 유통결산 上] IPO철회·의무휴업·챗GPT·<b>탕후루</b>,"<b>2023</b>년 유통업계는 고물가와 경기 침체로 다소 힘든 한 해를 보냈다. 기업공개(IPO) 예정이었던 이커머스... MZ세대들 사이에서는 약과와 <b>탕후루</b>, 먹태깡, 아사히 생맥주캔 등이 큰 인기를 끌었다. ⓒ오아시스마켓... ",2023-12-25 23:32:00+00:00,https://sports.hankooki.com/news/articleView.html?idxno=6848974,https://sports.hankooki.com/news/articleView.html?idxno=6848974
탕후루,2023,"[<b>2023</b> 기아챌린지 ECO 프로젝트] 11. “온 바닥 끈적, 거리는 씁쓸”…도...","최근 <b>탕후루</b>가 인기를 끄는 가운데, 이로 인해 도심 곳곳이 <b>탕후루</b> 쓰레기로 가득한 세태를 조명하고... 때 해결책이 보일 수 있을 전망이다. 글·사진=기아 AutoLand 화성 <b>2023</b>년 기아 ECO 서포터즈 ‘드림포스’ 팀 / 정리=",2023-12-11 07:32:00+00:00,https://www.kyeonggi.com/article/20231211580150,https://n.news.naver.com/mnews/article/666/0000028165?sid=103
탕후루,2023,"우아한형제들, ‘배민트렌드 <b>2023</b> 가을·겨울편’ 공개...‘<b>탕후루</b>’ 검...",배달의민족(배민)을 운영하는 우아한형제들은 올 가을과 겨울 식문화 트렌드를 예측한 배민트렌드<b>2023</b> 가을겨울편을 13일 공개했다.배민트렌드<b>2023</b> 가을겨울편에 따르면 최근 인기를 끌고 있는 <b>탕후루</b>(꼬치에 다양한... ,2023-09-13 09:10:00+00:00,https://vop.co.kr/A00001639609.html,https://vop.co.kr/A00001639609.html
탕후루,2023,"(<b>2023</b> 식품 결산)먹태깡·<b>탕후루</b> 먹고, 제로 음료 마셨다","뉴스토마토 = 김충범 기자 | 올 한 해 식품 업계의 주요 화두는 '먹태깡', '<b>탕후루</b>', '제로 슈거(Zero Sugar)... 한편 올해 꼬치에 작은 과일을 꽂고 녹인 설탕물을 입힌 <b>탕후루</b>도 MZ 세대를 중심으로 큰 인기를 얻었는데요.... ",2023-12-20 06:24:00+00:00,http://www.newstomato.com/ReadNews.aspx?no=1213171&inflow=N,http://www.newstomato.com/ReadNews.aspx?no=1213171&inflow=N
탕후루,2023,"우아한형제들, <b>2023</b>년 배달음식 트렌드 공개…&quot;<b>탕후루</b>·마라로제 인기&quot;",예측한 '배민트렌드<b>2023</b> 가을·겨울편'을 13일 내놨다. 지난해까지만 해도 배달의민족 검색어 순위에서 찾아보기 힘들었던 메뉴가 혜성처럼 등장했다. 주인공은 바로 '<b>탕후루</b>'. 순위 3위인 <b>탕후루</b>는 배달의민족 키워드... ,2023-09-13 04:48:00+00:00,https://www.ziksir.com/news/articleView.html?idxno=42625,https://www.ziksir.com/news/articleView.html?idxno=42625
탕후루,2023,'배민트렌드<b>2023</b> 가을·겨울편' 공개…&quot;<b>탕후루</b> 검색량 47배 급증&quot;,"배민트렌드<b>2023</b> 가을·겨울편에는 배민 데이터를 기반한 올 가을, 겨울 식문화 트렌드에 대한 예측이 담겼다. 이를 분석한 결과에 따르면 소비자로부터 가장 인기를 끌고 있는 식품으로는 '<b>탕후루</b>'가 꼽혔다. <b>탕후루</b>는... ",2023-09-13 07:44:00+00:00,https://daily.hankooki.com/news/articleView.html?idxno=999270,https://daily.hankooki.com/news/articleView.html?idxno=999270
탕후루,2023,[<b>2023</b> 국감] 국감장 출석한 '왕가<b>탕후루</b>'…영양성분 표시 시행 약속,국정감사에서 <b>탕후루</b> 설탕 과소비와 관련해... [연합뉴스]  25일 국회 보건복지위원회의 보건복지부 등에 대한 종합감사에는 <b>탕후루</b> 프랜차이즈... ,2023-10-26 04:40:00+00:00,https://www.ziksir.com/news/articleView.html?idxno=45039,https://www.ziksir.com/news/articleView.html?idxno=45039
탕후루,2023,<b>탕후루</b>가 ‘소아 당뇨·비만’ 주범?…왕가<b>탕후루</b> “애들 건강 생각하겠...,"사진=임형택 기자 최근 청소년들 사이에서 유행하는 간식인 ‘<b>탕후루</b>’가 아이들의 설탕 과소비를 부추기고, 길거리를 더럽힌다는 지적에 대해 국내 <b>탕후루</b> 전문 프랜차이즈 ‘왕가<b>탕후루</b>’를 운영하는 달콤나라앨리스가... ",2023-10-25 11:34:00+00:00,http://www.kukinews.com/newsView/kuk202310250272,http://www.kukinews.com/newsView/kuk202310250272
탕후루,2023,[<b>2023</b> 국감] 올해 국감에 '<b>탕후루</b>' '당근마켓' 부른다.. 정치현안에 '맹...,올해 국감에도 <b>탕후루</b> 당근마켓 등 이색증인이 등장할 것으로 알려져 눈길을 끄는 가운데 11알 '강서구청장... 올해 국정감사에서는 과일 꼬치에 설탕시럽을 입힌 중국 전통 간식 '<b>탕후루</b>'를 판매하는 국내 프랜차이즈... ,2023-10-03 06:57:00+00:00,https://www.polinews.co.kr/news/articleView.html?idxno=621212,https://www.polinews.co.kr/news/articleView.html?idxno=621212
탕후루,2023,[<b>2023</b> 국감] 청소년 비만·당뇨 '빨간불'..<b>탕후루</b> 광풍 경고,특히 최근 청소년들 사이에서 중국에서 온 '<b>탕후루</b>'(과일에 설탕물을 묻힌 간식)가 유행하고 있어 비만과 당뇨 등 질병 우려가 커진 만큼 아이들 건강에 각별한 주의가 필요하다는 지적이다. <b>탕후루</b>. &lt;사진... ,2023-10-03 02:18:00+00:00,http://www.00news.co.kr/news/articleView.html?idxno=80394,http://www.00news.co.kr/news/articleView.html?idxno=80394
탕후루,2023,"우아한형제들, '배민트렌드<b>2023</b> 가을·겨울편' 공개…&quot;<b>탕후루</b> 6개월 새 ...",예측한 '배민트렌드<b>2023</b> 가을·겨울편'을 13일 공개했다. 올 들어 관심이 높아진 음식은 <b>탕후루</b>뿐만이 아니다. '마라'와 '로제'가 만나 새로운 맛을 탄생시킨 마라로제도 외식업계의 눈길을 끌었다. 배민에서 마라로제... ,2023-09-13 07:22:00+00:00,https://www.cbci.co.kr/news/articleView.html?idxno=447491,https://www.cbci.co.kr/news/articleView.html?idxno=447491
탕후루,2023,"우아한형제들, 배민트렌드 <b>2023</b> 가을·겨울편 공개… 상반기 '<b>탕후루</b>' 인...",예측한 '배민트렌드 <b>2023</b> 가을·겨울편'을 13일 내놨다. 올해 상반기 소비자들의 관심을 끈 배달 음식 메뉴는 <b>탕후루</b>인 것으로 나타났다. <b>탕후루</b>는 꼬치에 다양한 과일을 끼워 설탕을 묻혀 먹는 중국 전통 간식이다.... ,2023-09-13 01:36:00+00:00,https://biz.newdaily.co.kr/site/data/html/2023/09/13/2023091300076.html,https://biz.newdaily.co.kr/site/data/html/2023/09/13/2023091300076.html
탕후루,2023,"<b>2023</b>년 상반기 인기 간식, '<b>탕후루</b>'와 어울리는 와인 추천 5가지","달콤한 과일에 설탕 코팅을 입힌 '<b>탕후루</b>'의 인기가 심상치 않다. 최근 식품산업통계정보(FIS)에 따르면 올해 상반기 냉동·간편조리식품 부문에서 10대가 가장 많이 검색한 1위는 '<b>탕후루</b>'였으며, 전국에 <b>탕후루</b>... ",2023-08-28 04:02:00+00:00,https://www.sommeliertimes.com/news/articleView.html?idxno=125406,https://www.sommeliertimes.com/news/articleView.html?idxno=125406
탕후루,2023,<b>2023</b> F/W 배달 음식 트렌드…<b>탕후루</b>·마라로제·ZERO 인기,"예측한 '배민트렌드<b>2023</b> 가을·겨울편'을 13일 발표했다. 올 들어 배달의민족 검색어 순위에서 3위까지 오른 <b>탕후루</b>는 꼬치에 다양한 과일을 끼워 설탕을 묻혀 먹는 중국 전통 디저트로, 전년 동기 대비 주문수가 47.3배... ",2023-09-13 02:23:00+00:00,http://www.segye.com/newsView/20230913507940?OutUrl=naver,https://n.news.naver.com/mnews/article/022/0003854930?sid=101
탕후루,2023,[<b>2023</b> 국감] 인재근 의원 &quot;<b>탕후루</b> 인기에 어린이 건강 관리 걱정&quot;,떠오른 <b>탕후루</b>(과일 등에 설탕을 입힌 간식) 때문에 어린이 건강이 우려된다&quot;고 말했다. 그러면서 인재근... 필요한데 <b>탕후루</b>의 경우 과채 가공품 유형에 해당돼 관련 대책 수립이 원활하지 않다&quot;고 지적했다. 이에 오유경... ,2023-10-13 06:46:00+00:00,http://www.srtimes.kr/news/articleView.html?idxno=143857,http://www.srtimes.kr/news/articleView.html?idxno=143857
탕후루,2023,나는솔로·마라<b>탕후루</b>·쇼츠…세상 모든 자극을 ‘도파민’이라 부르기...,<b>2023</b>년을 지배한 간식이라고 부를 수 있는 <b>탕후루</b>의 열풍도 도파민과 관련이 깊다. 강한 단맛을 경험하면 뇌의 쾌락 중추에서 도파민 분비가 활발해져 행복과 쾌감을 선사한다. 이런 쾌감은 반복될수록 도파민을... ,2023-12-22 23:01:00+00:00,https://www.khan.co.kr/article/202312230800011,https://n.news.naver.com/mnews/article/032/0003269231?sid=103
탕후루,2023,요기요 올해 인기1위 '<b>탕후루</b>'…&quot;'인스타그래머블' 메뉴가 강세&quot;,"국내 대표 배달앱 요기요는 <b>2023</b>년 한 해 동안 고객들에게 가장 많은 인기를 얻었던 '신규 배달 인기 메뉴'를... 22일 요기요에 따르면 지난해 요기요 고객들의 최애 배달 음식 루키 메뉴는 '<b>탕후루</b>'로, 2022년 대비 무려... ",2023-12-22 01:22:00+00:00,http://www.pressman.kr/news/articleView.html?idxno=75963,http://www.pressman.kr/news/articleView.html?idxno=75963
탕후루,2023,"요기요, 올해 배달 루키 인기 메뉴 '<b>탕후루</b>'","요기요는 <b>2023</b>년 한 해 동안 고객들에게 가장 많은 인기를 얻었던 ‘신규 배달 인기 메뉴’를 공개한다고... 요기요에 따르면 지난해 요기요 고객들의 최애 배달 음식 루키 메뉴는 ‘<b>탕후루</b>’로, 2022년 대비 무려 1만4332... ",2023-12-21 02:36:00+00:00,https://www.dailian.co.kr/news/view/1309058/?sc=Naver,https://n.news.naver.com/mnews/article/119/0002781779?sid=101
탕후루,2023,"치협, <b>탕후루</b>의 충치 유발 등 염려 있어 섭취 후 가이드라인 지키세요","&lt;대한치과보철학회 자문 및 권고(<b>2023</b>년12월&gt; 따라서 치협은 최근 급속도록 유행하는 <b>탕후루</b>가 치아건강에 미치는 심각성을 인지하고 섭취 후의 가이드라인을 제시하면서, 강충규 부회장은 “<b>탕후루</b>가 치아건강에 미치는... ",2023-12-21 01:41:00+00:00,http://www.edaily.co.kr/news/newspath.asp?newsid=02046726635840816,https://n.news.naver.com/mnews/article/018/0005641705?sid=102
탕후루,2023,"<b>탕후루</b>의 달인, 인도네시아 구글 인기 1위 달성","<b>2023</b>년 9월에 출시된 '<b>탕후루</b>의 달인'은 최근 한국에서 유행하는 간식인 '<b>탕후루</b>'를 주제로 한 게임이다. '<b>탕후루</b>의 달인'에서 플레이어는 다양한 종류의 과일로 <b>탕후루</b>를 만들고, <b>탕후루</b> '먹방'을 할 수 있다. 특히... ",2023-12-06 03:47:00+00:00,http://game.dailyesports.com/view.php?ud=202312061245083588da2c546b3a_26,https://m.sports.naver.com/esports/article/347/0000177056
탕후루,2023,후야호 '<b>탕후루</b>의 달인' 인도네시아 구글플레이 인기차트 1위 달성,"<b>2023</b>년 9월에 출시된 '<b>탕후루</b>의 달인'은 최근 한국에서 유행하는 간식인 '<b>탕후루</b>'를 주제로 한 게임이다. '<b>탕후루</b>의 달인'에서 플레이어는 다양한 종류의 과일로 <b>탕후루</b>를 만들고, <b>탕후루</b> '먹방'을 하며 가상의... ",2023-12-05 23:26:00+00:00,https://www.cstimes.com/news/articleView.html?idxno=570731,https://www.cstimes.com/news/articleView.html?idxno=570731
탕후루,2023,올해의 뜨거운 관심 받은 문화 이슈 Top5…<b>탕후루</b>·더글로리·몽골여행...,"1년을 되돌아보고 추억해볼 수 있기 바랍니다.◆'단짠단짠' 중화권 음식 '마라탕' '<b>탕후루</b>... 교육부가 지난 14일 발표한 '<b>2023</b>년 1차 학교폭력 실태조사'에 따르면, 학교폭력 피해를 당했다고 답한 '피해 응답률... ",2023-12-29 04:02:00+00:00,https://www.yeongnam.com/web/view.php?key=20231229010004194,https://www.yeongnam.com/web/view.php?key=20231229010004194
탕후루,2023,"<b>탕후루</b> 열풍··· 영등포구, 조리시설 위생 안전 팔걷어",8곳 지도점검 완료 빗물받이 시럽 배출등 확인도  서울 영등포구(구청장 최호권)는 <b>탕후루</b> 조리·판매 식품접객업소를 대상으로 위생관리 및 식재료 폐기 실태 등에 대해 <b>2023</b>년 말까지 지도점검을 했다고 밝혔다. 최근... ,2023-12-28 08:26:00+00:00,https://www.siminilbo.co.kr/news/newsview.php?ncode=1160282462321783,https://www.siminilbo.co.kr/news/newsview.php?ncode=1160282462321783
탕후루,2023,"치협, <b>탕후루</b> 섭취 가이드라인 제시",충치 유발-치아 손상 우려  최근 국내에서 선풍적인 인기를 끌고 있는 길거리 대표 간식 ‘<b>탕후루</b>’에 대해... 협의할 예정”이라고 전했다. 대한치과의사협회 충치유발지수 대한치과보철학회 자문 및 권고(<b>2023</b>년 12월),2023-12-28 04:58:00+00:00,http://www.dentalnews.or.kr/news/article.html?no=39710,http://www.dentalnews.or.kr/news/article.html?no=39710
탕후루,2023,"K-게임 ‘<b>탕후루</b>의 달인’, 동남아 구글 인기차트 석권…비결 알고 보니","한국 게임 스타트업 ‘후야호’(whoyaho)에서 개발한 모바일게임 ‘<b>탕후루</b>의 달인’이 대만·태국 등... 실제로 글로벌 모바일 시장 데이터 분석 기업 센서타워(Sensor Tower)에 따르면, 동남아시아는 <b>2023</b>년 1분기 전세계... ",2023-12-26 05:20:00+00:00,https://www.ddaily.co.kr/page/view/2023122610211115173,https://n.news.naver.com/mnews/article/138/0002163679?sid=105
탕후루,2023,"치협, '<b>탕후루</b>' 섭취 후 가이드라인 제시","조사되었기에 <b>탕후루</b> 역시 충치유발지수가 상당히 높다고 볼 수 있다. 또한, 대한치과보철학회(<b>2023</b>년12월)에서도 다음과 같이 섭취 시의 권고사항을 제시하였다. 따라서 치협은 최근 급속도록 유행하는 <b>탕후루</b>가... ",2023-12-21 02:18:00+00:00,http://www.kmedinfo.co.kr/news/articleView.html?idxno=82127,http://www.kmedinfo.co.kr/news/articleView.html?idxno=82127
탕후루,2023,일부 '샤인머스캣 <b>탕후루</b>' 세균수 초과로 판매 중단 및 회수조치,"샤인머스캣 <b>탕후루</b>'에서 세균수 기준 부적합으로 확인돼 판매 중단 및 회수 조치 중이라고 17일 밝혔다. 회수 대상은 식품 제조일자가 <b>2023</b>년 9월 21일까지인 제품이다. 포장 단위는 50g인 제품이고, 유통·소비 기한은... ",2023-10-17 01:46:00+00:00,http://www.wolyo.co.kr/news/articleView.html?idxno=230493,http://www.wolyo.co.kr/news/articleView.html?idxno=230493
탕후루,2023,"식약처, 일부 ‘샤인머스켓 <b>탕후루</b>’ 세균수 초과로 판매 중단",17일 식약처는 경남 창원시 소재 이산글로벌 바이오에서 제조·판매한 ‘바른마음 샤인머스켓 <b>탕후루</b>’가 세균수 기준 규격 부적합으로 관할 지자체에서 회수 조치 중이라고 밝혔다. 회수 대상 식품의 제조 일자는 <b>2023</b>년... ,2023-10-17 00:43:00+00:00,https://www.munhwa.com/news/view.html?no=2023101701039910018014,https://n.news.naver.com/mnews/article/021/0002599495?sid=102
탕후루,2023,MZ 입맞 사로잡은 <b>탕후루</b> 열풍에 프랜차이즈 창업 관심도 껑충,<b>탕후루</b>가 인기를 끌면서 외식 프랜차이즈 창업 수요도 크게 늘어난 것으로 나타났다. 19일 프랜차이즈 창업 준비 플랫폼 마이프차는 올해 예비 창업자들의 데이터를 활용해 국내 프랜차이즈 창업 트렌드를 분석한 '<b>2023</b>... ,2023-12-19 02:00:00+00:00,http://news.mt.co.kr/mtview.php?no=2023121908575080144,https://n.news.naver.com/mnews/article/008/0004975850?sid=101
탕후루,2023,식품위생법 위반 적발 '왕가<b>탕후루</b>'…폭발적 성장세 꺽이나,"당 과다 섭취 문제로 지난달 국회 국정감사에 대표가 증인으로 소환됐던 달콤왕가<b>탕후루</b>(왕가<b>탕후루</b>)에... 달콤앨리스는 제조공장 관련 건에 대해 &quot;<b>2023</b>년 5월 제조 허가 신고를 완료하고, <b>2023</b>년 9월 초 식품 기타가공품 HACCP... ",2023-11-09 22:31:00+00:00,https://www.sportschosun.com/ext/2023-11-10/202311110100076740009849,https://n.news.naver.com/mnews/article/076/0004076812?sid=101
탕후루,2023,"소아 당뇨 24% 증가… ‘왕가<b>탕후루</b>’ 대표, 국정감사 소환","△2021년 3111명 △2022년 3655명 △<b>2023</b>년 3855명으로, 꾸준히 늘고 있는 것으로 확인됐다. 최근 청소년들 사이에서 유행하는 간식인 ‘<b>탕후루</b>’ 등 설탕 과소비도 영향을 미쳤을 것으로 보인다. 지난 10일 대한비만학회... ",2023-09-25 02:28:00+00:00,http://www.kukinews.com/newsView/kuk202309250071,http://www.kukinews.com/newsView/kuk202309250071
탕후루,2023,[청세] &quot;왜 나만 갖고 그래&quot;···<b>탕후루</b>가 비만 주범? 다른 간식 '당류...,이에 전국에는 500개에 달하는 <b>탕후루</b> 점포가 운영 중이다. 그러나 <b>2023</b>년 10월 국정감사에서 청소년의 설탕 과소비에 대해 문제가 제기됐다. 신현영 더불어민주당 의원은 국민건강보험공단 자료를 근거로 코로나19 시기... ,2023-12-15 07:26:00+00:00,https://www.womaneconomy.co.kr/news/articleView.html?idxno=220233,https://www.womaneconomy.co.kr/news/articleView.html?idxno=220233
탕후루,2023,[이슈체크] MZ세대 인기 간식 '<b>탕후루</b>'...설탕 과섭취-설탕물 투기 등 논...,"그런데 최근 당 섭취 논란과 함께 유명 <b>탕후루</b> 매장에서 뜨거운 설탕물을 도롯가 배수구에 버리며 <b>탕후루</b>에 대한 다양한 논란이 일고 있다. <b>2023</b>년 12월 13일 뜨거운 이슈 &lt;유행하는 <b>탕후루</b>, 그리고 이에 따른 우려들&gt;에... ",2023-12-13 08:58:00+00:00,http://www.sisunnews.co.kr/news/articleView.html?idxno=204485,http://www.sisunnews.co.kr/news/articleView.html?idxno=204485
탕후루,2023,[창업이슈] 우후죽순 '<b>탕후루</b>' 매장...인기 시들해지며 폐업률 급증,공정거래위원회에 따르면 달콤나라앨리스가 운영하는 왕가<b>탕후루</b>의 매장 수는 ▲2020년 16개 ▲2021년 11개 ▲2022년 43개 ▲<b>2023</b>년 420여개로 왕가<b>탕후루</b>는 연내 450개까지 매장을 확대한다는 방침이다. 왕가<b>탕후루</b>와 동일한... ,2023-12-12 00:24:00+00:00,http://www.sisacast.kr/news/articleView.html?idxno=48293,http://www.sisacast.kr/news/articleView.html?idxno=48293
탕후루,2023,"[세돌이] 마라<b>탕후루</b>, 어디까지 갈거니?",'배민트렌드 <b>2023</b> 가을겨울편'에서도 마라맛을 활용한 마라로제의 주문 수가 2022년과 비교해 6.3배 증가한 것을 확인할 수 있었다. '마라'의 인기는 현재진행형이다. <b>탕후루</b>가 모습을 드러낸 것도 마라탕과 비슷한 시기다.... ,2023-10-30 00:20:00+00:00,http://www.updownnews.co.kr/news/articleView.html?idxno=306154,http://www.updownnews.co.kr/news/articleView.html?idxno=306154
탕후루,2023,"'왕가<b>탕후루</b>' 대표, 국정감사 소환됐다... 소아당뇨 우려","1위는 아이스(얼음) <b>탕후루</b>, 2위는 <b>탕후루</b>였다. 우아한형제들의 '배민트렌드<b>2023</b> 가을·겨울편'에서는 지난 7월 배달의민족 내 <b>탕후루</b> 검색량이 지난 1월과 비교해 47.3배 증가한 것으로 조사됐다. 사진 = 연합뉴스... ",2023-09-28 08:26:00+00:00,http://www.ggilbo.com/news/articleView.html?idxno=994583,http://www.ggilbo.com/news/articleView.html?idxno=994583
탕후루,2023,"‘미각 빨리감기’ 시대의 디저트, <b>탕후루</b>","<b>2023</b>년을 기억할 주요 장면이라면 <b>탕후루</b> 열풍이다(나도 이 글을 쓴다는 핑계로 <b>탕후루</b>를 며칠 연달아 사 먹었다). <b>탕후루</b>는 설탕옷을 입힌 딸기, 샤인머스캣, 사파이어포도 등의 과일을 막대에 알알이 꽂아 파는... ",2023-10-23 05:15:00+00:00,https://h21.hani.co.kr/arti/culture/culture_general/54555.html,https://n.news.naver.com/mnews/article/036/0000048899?sid=103
탕후루,2023,연예인 먹방도 많은데…'<b>탕후루</b>' 체인 대표 국감 불려가는 이유,"1위가 아이스 <b>탕후루</b>, 2위는 <b>탕후루</b>였다. 우아한형제들의 '배민트렌드<b>2023</b> 가을·겨울편'에서도 지난 7월 배달의민족 내 <b>탕후루</b> 검색량이 지난 1월과 비교해 47.3배 늘었다고 조사된 바 있다. <b>탕후루</b>의 이 같은 인기를... ",2023-09-26 09:42:00+00:00,https://www.sedaily.com/NewsView/29UU2H1T7G,https://n.news.naver.com/mnews/article/011/0004243391?sid=101
탕후루,2023,[브런치 경제] 식탁서 없어진 설탕…제로 <b>탕후루</b>·짜장면 '제로슈거 열...,지난달 13일 배달의민족(배민)이 공개한 '배민트렌드 <b>2023</b> 가을·겨울편'을 보면 지난 7월 기준 제로콜라... 설탕 과다 섭취 우려에 무설탕 '제로<b>탕후루</b>'도 등장했다. 중국의 대표 길거리 간식인 <b>탕후루</b>는 하나에 10~25g의... ,2023-10-14 00:01:00+00:00,http://www.womennews.co.kr/news/articleView.html?idxno=241136,https://n.news.naver.com/mnews/article/310/0000111051?sid=101
탕후루,2023,"간식여왕, '<b>2023</b> 서울 카페&amp;베이커리페어'서 초콜릿, <b>탕후루</b> 등 디저트 ...","웰빙간식을 제조, 판매하는 쏭푸드시스템㈜의 디저트 브랜드인 간식여왕(대표 송혜령)이 <b>2023</b> 서울 카페... 초콜릿, <b>탕후루</b>, 건어물 스낵 등 디저트류가 대표적인 출품 라인업으로 준비된다. 특히 화이트데이를 앞둔 만큼... ",2023-02-28 07:00:00+00:00,http://www.dailypop.kr/news/articleView.html?idxno=67186,http://www.dailypop.kr/news/articleView.html?idxno=67186
탕후루,2023,<b>탕후루</b>가 당뇨 주범? 사장님들 “억울해요”,"과일에 설탕 시럽을 입힌 중국 전통 간식 <b>탕후루</b>가 인기를 끌면서 젊은층의 당뇨를 부추긴다며 논란인... 한편 <b>2023</b>년 4월 기준 경남지역의 초·중·고 소아청소년 당뇨병(1형당뇨병, 2형당뇨병) 학생은 280명으로 경기... ",2023-10-10 12:16:00+00:00,http://www.knnews.co.kr/news/articleView.php?idxno=1415649,http://www.knnews.co.kr/news/articleView.php?idxno=1415649
탕후루,2023,아이 학교 앞에 '<b>탕후루</b> 가게'... 솔직히 심란합니다,과다섭취 위험성 알려주고 스스로 조절하게 해야 ▲  지난 4월 9일 서울 서초구 aT센터에서 열린 '<b>2023</b> 서울디저트페어' 한 부스에서 판매용 <b>탕후루</b>가 진열된 모습. ⓒ 연합뉴스 얼마 전 퇴근하고 학원이 조금 늦게 끝난 둘째를... ,2023-11-20 03:06:00+00:00,https://www.ohmynews.com/NWS_Web/View/at_pg.aspx?CNTN_CD=A0002978999&CMPT_CD=P0010&utm_source=naver&utm_medium=newsearch&utm_campaign=naver_news,https://n.news.naver.com/mnews/article/047/0002413202?sid=102
탕후루,2023,“<b>탕후루</b> 우후죽순 생기더니···” 폐업 급증에 ‘제2의 대만 카스테...,행정안전부 지방행정인허가데이터에 따르면 올해 폐업한 전국 <b>탕후루</b> 매장 총 54곳이었다. <b>2023</b>년 9월까지는 폐업이 거의 없었지만 10월 22건으로 처음 두 자릿수 폐업을 기록했다. <b>탕후루</b>는 프랜차이즈 사업 시작 2년... ,2023-11-16 06:35:00+00:00,https://www.mk.co.kr/article/10876627,https://n.news.naver.com/mnews/article/024/0000085748?sid=102
탕후루,2023,"[편의점에서는] GS25 '아이스딸기<b>탕후루</b>' 출시 外 CU, 이마트24",(2022년~<b>2023</b>년 9월) 냉동 디저트 분류 매출은 직전 2개년(2020년~2021년 9월) 매출 대비 무려 350.4% 신장한 것으로 분석됐다. 이지윤 GS리테일 냉동간편식 MD는 &quot;이번에 선보인 아이스딸기<b>탕후루</b>와 같이 소비자들이 원하는... ,2023-10-03 23:44:00+00:00,https://www.newscj.com/news/articleView.html?idxno=3068571,https://www.newscj.com/news/articleView.html?idxno=3068571
탕후루,2023,소아비만‧당뇨 '빨간불'…'왕가네<b>탕후루</b>' 대표 국감 증인으로 선다,"<b>탕후루</b> 자료사진./ 연합뉴스  소아비만 및 소아당뇨 진단을 받은 청소년이 늘고 있는 가운데, 국회에서는... 3655명 △<b>2023</b>년 4월 1일 기준 3855명으로 꾸준히 증가하는 추세다. 교육위 소속인 김영호 의원은 청소년들의... ",2023-09-25 06:14:00+00:00,http://www.hansbiz.co.kr/news/articleView.html?idxno=664858,http://www.hansbiz.co.kr/news/articleView.html?idxno=664858
탕후루,2023,"요기요, 올해 가장 주목 받은 메뉴는 '<b>탕후루</b>'",올해 가장 주목받은 메뉴는 '<b>탕후루</b>'인 것으로 조사됐다. 1년 사이에 주문량이 1만4000% 늘었다. 21일 요기요는 <b>2023</b>년 한 해 동안 고객들에게 가장 많은 인기를 얻었던 '신규 배달 인기 메뉴'에 <b>탕후루</b>가 선정됐다고... ,2023-12-21 01:02:00+00:00,https://news.tvchosun.com/site/data/html_dir/2023/12/21/2023122190059.html,https://n.news.naver.com/mnews/article/448/0000441104?sid=101
탕후루,2023,요기요서 올해 가장 사랑받은 신규 메뉴 '<b>탕후루</b>',"'<b>탕후루</b>'가 요기요에서 올 한 해 이용자들로부터 가장 많이 사랑받은 신규 메뉴로 선정됐다. 요기요는 올해... (사진=요기요) 요기요에 따르면 지난해 이용자들로부터 큰 호응을 얻은 신규 메뉴는 ‘<b>탕후루</b>’로, 전년... ",2023-12-21 00:10:00+00:00,https://zdnet.co.kr/view/?no=20231221085044,https://n.news.naver.com/mnews/article/092/0002315734?sid=105
탕후루,2023,'왕가<b>탕후루</b>' 사장 국회의원들이 국정감사에 소환...&quot;청소년 설탕 과소...,"1위는 아이스(얼음) <b>탕후루</b>, 2위는 <b>탕후루</b>였다.우아한형제들의 '배민 트렌드 <b>2023</b> 가을·겨울 편'에서도 지난 7월 배달의민족 내 <b>탕후루</b> 검색량이 지난 1월과 비교해 47.3배 늘어난 것으로 나타났다.<b>탕후루</b> 열풍이 강해지자... ",2023-09-24 06:10:00+00:00,https://www.insight.co.kr/news/451036,https://www.insight.co.kr/news/451036
탕후루,2023,"<b>탕후루</b> 프랜차이즈 대표, 국회 '국정감사' 소환된다 (+이유)",<b>탕후루</b>와 <b>탕후루</b>였다. 우아한형제들의 '배민 트렌드 <b>2023</b> 가을·겨울 편' 역시 지난 7월 배달의민족 내 <b>탕후루</b> 검색량이 지난 1월과 비교해 47.3배 늘었다고 조사됐다.이와 관련 학부모들 사이에서는 '<b>탕후루</b> 열풍'과 관련한... ,2023-09-24 01:10:00+00:00,https://www.wikitree.co.kr/articles/889699,https://www.wikitree.co.kr/articles/889699
탕후루,2023,'세균수 초과' 샤인머스켓 <b>탕후루</b>…'이 제품' 먹지 마세요,17일 식약처는 경남 창원시 소재 이산글로벌 바이오에서 제조·판매한 '바른마음 샤인머스켓 <b>탕후루</b>'가 세균수 기준 규격 부적합으로 관할 지자체에서 회수 조치 중이라고 밝혔다. 회수 대상 식품의 제조 일자는 <b>2023</b>년... ,2023-10-17 00:18:00+00:00,http://www.newsis.com/view/?id=NISX20231017_0002485063&cID=10201&pID=10200,https://n.news.naver.com/mnews/article/003/0012150419?sid=102
탕후루,2023,국감 불려나오는 '왕가<b>탕후루</b>' 대표 &quot;청소년 설탕 과소비 문제가…&quot;,<b>탕후루</b>와 <b>탕후루</b>였다. 우아한형제들의 '배민트렌드<b>2023</b> 가을·겨울편'에서도 지난 7월 배달의민족 내 <b>탕후루</b> 검색량이 지난 1월과 비교해 47.3배 늘었다고 조사된 바 있다. 이런 '<b>탕후루</b> 열풍'과 관련해 학부모들의 우려가... ,2023-09-21 16:33:00+00:00,https://www.joongang.co.kr/article/25194551,https://n.news.naver.com/mnews/article/025/0003309794?sid=102
탕후루,2023,1등 <b>탕후루</b>의 배신…식약처 점검서 딱 걸렸다,"<b>탕후루</b> 열풍에 가게 수 2021년 178곳→<b>2023</b>년 8월 1060곳 앞서 10대 사이에서 이른바 '<b>탕후루</b> 열풍'이 불어 <b>탕후루</b>를 제조·판매하는 식품접객업소는 2021년 178곳, 2022년 245곳에서 올해 8월 기준으로 1060곳까지 늘어났다. 특히나... ",2023-11-02 23:40:00+00:00,https://view.asiae.co.kr/article/2023110308323833055,https://n.news.naver.com/mnews/article/277/0005335487?sid=103
탕후루,2023,[THINK ENGLISH] 건강 우려에도 불구하고… <b>탕후루</b> 인기는 계속된다,"[뉴스1] Despite health risks, the tanghulu frenzy continues 건강 우려에도 불구하고… <b>탕후루</b> 인기는 계속된다 Korea JoongAng Daily 3면 기사 Monday, Oct. 30, <b>2023</b> The craze for tanghulu, the Chinese... ",2023-11-01 07:25:00+00:00,https://koreajoongangdaily.joins.com/news/2023-11-01/business/industry/THINK-ENGLISH-건강-우려에도-불구하고-탕후루-인기는-계속된다-/1903657,https://n.news.naver.com/mnews/article/640/0000045274?sid=101
탕후루,2023,'<b>탕후루</b> 러버'들을 위한 쓰레기 버리기 아이디어,&quot;현우가 <b>탕후루</b> 좋아하겠는데?&quot; 과일 본연의 맛을 즐기는 까닭에 별다른 관심을 두지 않다가 최근 <b>탕후루</b>를... 스페인과 이탈리아는 <b>2023</b>년부터 재사용이 불가능한 플라스틱 제품에 1kg당 0.45유로의 세금을 부과한다. 독일은... ,2023-10-28 05:38:00+00:00,https://www.ohmynews.com/NWS_Web/View/at_pg.aspx?CNTN_CD=A0002971210&CMPT_CD=P0010&utm_source=naver&utm_medium=newsearch&utm_campaign=naver_news,https://n.news.naver.com/mnews/article/047/0002410912?sid=103
탕후루,2023,여름인데 냉면보다 마라탕 더 찾았다… 배달앱도 ‘마라<b>탕후루</b>’ 열풍,"배달의민족, ‘배민트렌드 <b>2023</b> 가을·겨울편’ 발표 마라탕과 <b>탕후루</b> 열풍이 배달 시장에서도 이어지고 있다. 지난 7월 기준 <b>탕후루</b>의 배달앱 검색량은 6개월 전보다 47% 늘었다. 마라탕은 냉면을 제치고 7월 검색어 1위에... ",2023-09-13 16:14:00+00:00,https://www.chosun.com/culture-life/culture_general/2023/09/14/27LGHLER75DFNKWZ632P6LK65U/?utm_source=naver&utm_medium=referral&utm_campaign=naver-news,https://n.news.naver.com/mnews/article/023/0003787662?sid=103
탕후루,2023,국회 국정감사 불려간 '왕가<b>탕후루</b>' 대표...의원 지적에 &quot;당 함유량을 줄...,한국농수산식품유통공사 식품산업통계정보에 따르면 지난 7월 30일~9월 9일(<b>2023</b>년 31~36주 차) 냉동·간편 조리 식품 분야 10대 인기 검색어 1·2위는 모두 <b>탕후루</b> 관련 키워드였다. 1위는 아이스<b>탕후루</b>(얼린<b>탕후루</b>)였고... ,2023-10-25 13:12:00+00:00,https://www.insight.co.kr/news/453998,https://www.insight.co.kr/news/453998
탕후루,2023,청소년 비만·당뇨 주범? '과다 당 논란' <b>탕후루</b> 국감장 소환,한국농수산식품유통공사 식품산업통계정보에 따르면 지난 7월 30일~9월 9일(<b>2023</b>년 31~36주 차) 냉동·간편 조리 식품 분야 10대 인기 검색어 1·2위는 모두 <b>탕후루</b> 관련 키워드가 차지했다. 1위는 아이스<b>탕후루</b>(얼린 <b>탕후루</b>)... ,2023-10-25 11:27:00+00:00,https://www.joongang.co.kr/article/25202272,https://n.news.naver.com/mnews/article/025/0003316946?sid=100
탕후루,2023,"국감장 소환된 '<b>탕후루</b>'…&quot;당 함유량 줄일 것, 영양성분도 표시&quot;",<b>탕후루</b> 업체 '달콤왕가<b>탕후루</b>'를 운영 중인 달콤나라앨리스의 정철훈 이사가 25일 국회 국정감사에서 과도한 당 섭취 문제가 지적되는 것에 대해 &quot;천연 당을 사용하는 등 당 함유량을 줄이기 위한 방안을 마련하겠다&quot;고... ,2023-10-25 10:02:00+00:00,http://news.mt.co.kr/mtview.php?no=2023102517484156740,https://n.news.naver.com/mnews/article/008/0004953535?sid=100
탕후루,2023,‘과도한 설탕 논란’ 왕가<b>탕후루</b> 대표 “영양성분 표시 바로 시행”,한국농수산식품유통공사 식품산업통계정보에 따르면 지난 7월 30일~9월 9일(<b>2023</b>년 31~36주 차) 냉동·간편 조리 식품 분야 10대 인기 검색어 1·2위는 모두 <b>탕후루</b> 관련 키워드가 차지했다. 1위는 아이스<b>탕후루</b>(얼린 <b>탕후루</b>)... ,2023-10-25 09:35:00+00:00,https://biz.chosun.com/distribution/food/2023/10/25/3YU6ZMFTLRCSDALG3COJCUGVHI/?utm_source=naver&utm_medium=original&utm_campaign=biz,https://n.news.naver.com/mnews/article/366/0000942393?sid=101
탕후루,2023,[기자수첩] '당 과다섭취' 문제를 <b>탕후루</b>에 묻는다니,배달의민족을 운영하는 우아한형제들이 발간한 '배민트렌드<b>2023</b> 가을·겨울편'에 따르면 배달의민족 내 '<b>탕후루</b>' 검색량은 지난 1월과 비교해 7월 47.3배 늘었다. 젊은 세대들이 자주 찾는 서울 홍대거리는 <b>탕후루</b> 꼬치... ,2023-10-23 21:00:00+00:00,http://moneys.mt.co.kr/news/mwView.php?no=2023102313443250527,https://n.news.naver.com/mnews/article/417/0000956957?sid=101
탕후루,2023,'<b>탕후루</b> 열풍'이 감추고 있는 진실... 외식 자영업자들의 경고 [이게 이...,걱정되는 프랜차이즈 사업 ▲  지난 4월 9일 서울 서초구 aT센터에서 열린 '<b>2023</b> 서울디저트페어' 한 부스에서 판매용 <b>탕후루</b>가 진열된 모습. ⓒ 연합뉴스 최근 <b>탕후루</b>가 크게 유행하고 있다. 그 인기를 방증하듯 자영업자... ,2023-10-22 20:44:00+00:00,https://www.ohmynews.com/NWS_Web/View/at_pg.aspx?CNTN_CD=A0002970827&CMPT_CD=P0010&utm_source=naver&utm_medium=newsearch&utm_campaign=naver_news,https://n.news.naver.com/mnews/article/047/0002410224?sid=102
탕후루,2023,[팩트체크] 제로(무설탕) <b>탕후루</b>는 건강에 유해하지 않다?,"참조 - <b>2023</b>년도 국감(식품의약품안전처 등)에 참석해 발언하는 최현숙 국민의힘 의원 질의 및 답변 (1시간57분40초 참조) [검증내용] <b>탕후루</b>는 주로 딸기, 귤, 포도, 파인애플 등 과일을 꼬치에 꽂은 뒤 시럽처럼 끓인 설탕을... ",2023-10-20 06:06:00+00:00,http://www.ilyoseoul.co.kr/news/articleView.html?idxno=479821,http://www.ilyoseoul.co.kr/news/articleView.html?idxno=479821
탕후루,2023,청소년 선풍적 인기 '마라<b>탕후루</b>' 국감 테이블에…왜?,"마라탕ㆍ<b>탕후루</b> 업체들이 청소년ㆍ어린이가 주소비층인 음식을 취급하는데 있어 보다 주의할 필요가 있다는 지적이 이어지고 있다.17일 국회 보건복지위원회 소속 서영석 더불어민주당 의원에 따르면, 2018년부터 <b>2023</b>년... ",2023-10-17 08:46:00+00:00,https://news.mtn.co.kr/news-detail/2023101716004996485,https://news.mtn.co.kr/news-detail/2023101716004996485
탕후루,2023,&quot;샤인머스켓 <b>탕후루</b> 먹지마세요&quot;...이 제품에서 세균 초과 검출,샤인머스켓 <b>탕후루</b>'가 세균수 기준 규격 부적합으로 관할 지자체에서 회수 조치 중이라고 밝혔다.회수 대상 식품의 제조 일자는 <b>2023</b>년 9월 21일까지인 제품으로 유통·소비 기한은 제조일로부터 12개월로 표기됐다. 포장... ,2023-10-17 02:36:00+00:00,https://www.insight.co.kr/news/453157,https://www.insight.co.kr/news/453157
탕후루,2023,[슬소생]대기업표 <b>탕후루</b>는 다를까…GS25 딸기 <b>탕후루</b> 맛은?,"[편집자] <b>2023</b>년 식품업계에서 가장 '핫'한 제품은 뭘까. 올 여름 품귀 사태를 빚었던 농심 먹태깡을 꼽을 사람도, 오랜만의 신제품으로 맥주 시장을 뒤흔흔 하이트진로의 켈리를 고를 사람도 있겠지만 '<b>탕후루</b>' 앞에선... ",2023-10-15 05:01:00+00:00,http://news.bizwatch.co.kr/article/consumer/2023/10/12/0028,https://n.news.naver.com/mnews/article/648/0000020193?sid=101
탕후루,2023,[게임찍먹] 게임으로 <b>탕후루</b> 만들어볼까? ‘<b>탕후루</b>의 달인’,"한국농수산식품유통공사에 따르면, <b>2023</b>년 상반기 10대가 가장 많이 검색한 냉동·간편 조리식품은 실제로 <b>탕후루</b>였다. <b>탕후루</b>는 달콤한 과일에 설탕물을 묻힌 중국식 간식이다. 단 것에 더 단 것이 더해지니, 건강에... ",2023-10-15 01:59:00+00:00,https://www.ddaily.co.kr/page/view/2023101510541099066,https://n.news.naver.com/mnews/article/138/0002158612?sid=105
탕후루,2023,거의 유리 수준… 무심코 깨문 ‘<b>탕후루</b>’에 입안은 곪는다,"<b>탕후루</b>가 10대 사이에서 선풍적인 인기를 끌고 있다. <b>2023</b>년 상반기 10대가 가장 많이 검색한 냉동·간편 조리식품은 <b>탕후루</b>였다(한국농수산식품유통공사 자료). 집에서 직접 설탕물을 끓여 <b>탕후루</b>를 만들어 먹거나, 약과... ",2023-10-14 20:01:00+00:00,https://health.chosun.com/site/data/html_dir/2023/10/13/2023101302117.html,https://n.news.naver.com/mnews/article/346/0000065485?sid=103
탕후루,2023,"국감장 끌려온 '<b>탕후루</b>,' 식약처 전문가 진단... 하루 몇 개까지 가능?",YTN라디오(FM 94.5) [YTN 뉴스FM 슬기로운 라디오생활] □ 방송일시 : <b>2023</b>년 10월 12일 (목요일) □ 진행 : 박귀빈... ◇ 박귀빈 아나운서(이하 박귀빈): 여러분 혹시 ‘마라<b>탕후루</b>’ 라고 들어보셨습니까? 최근 10대들 사이에서... ,2023-10-12 04:32:00+00:00,https://radio.ytn.co.kr/program/?f=2&id=91971&s_mcd=0433&s_hcd=01,https://radio.ytn.co.kr/program/?f=2&id=91971&s_mcd=0433&s_hcd=01
탕후루,2023,"국감장 끌려온 '<b>탕후루</b>,' 식약처 전문가 진단... 하루 몇 개까지 가능?",YTN라디오(FM 94.5) [YTN 뉴스FM 슬기로운 라디오생활] □ 방송일시 : <b>2023</b>년 10월 12일 (목요일) □ 진행 : 박귀빈... ◇ 박귀빈 아나운서(이하 박귀빈): 여러분 혹시 '마라<b>탕후루</b>' 라고 들어보셨습니까? 최근 10대들 사이에서... ,2023-10-12 04:17:00+00:00,https://www.ytn.co.kr/_ln/0103_202310121317532790,https://n.news.naver.com/mnews/article/052/0001946136?sid=102
탕후루,2023,"생과일 디저트 간식 <b>탕후루</b> 1세대, 일정한 맛 유지 레시피 표준화로 창...",<b>2023</b> 스포츠서울 라이프특집 이노베이션 리더 대상에 선정된 백규현 대표는 “과일의 신선도가 <b>탕후루</b> 맛을 좌우하는 만큼 최상급 과일을 구매하는 데 정성을 쏟으라”고 조언하면서 “‘하이루<b>탕후루</b>’는 최상의 소자본... ,2023-10-11 09:05:00+00:00,https://www.sportsseoul.com/news/read/1357347?ref=naver,https://n.news.naver.com/mnews/article/468/0000988765?sid=103
탕후루,2023,왕가<b>탕후루</b>·롯데온 첫 국감 소환…'단골' 증인은?,"<b>2023</b>년 국정감사에 유통기업 대표들이 증인·참고인으로 소환된다. 중대 재해법 위반, 소상공인 피해, 중고 의약품 온라인 불법 거래 등과 관련해 질의가 있을 예정이다. 최근 청소년들 사이에서 유행하고 있는 <b>탕후루</b>... ",2023-10-10 08:06:00+00:00,https://sports.hankooki.com/news/articleView.html?idxno=6842108,https://sports.hankooki.com/news/articleView.html?idxno=6842108
탕후루,2023,1020세대 열광에 '반짝'… 너도나도 <b>탕후루</b> 프랜차이즈,배달의민족이 조사한 배민트렌드<b>2023</b> 가을·겨울편' 따르면 <b>탕후루</b>는 지난해까지만 해도 검색 순위권에 들지 못했지만 지난 7월 올 1월 대비 검색량이 47.3배 늘어나 검색어 순위 3위까지 올라섰다. 이렇다 보니 국내에서... ,2023-10-10 01:52:00+00:00,https://biz.newdaily.co.kr/site/data/html/2023/10/10/2023101000079.html,https://biz.newdaily.co.kr/site/data/html/2023/10/10/2023101000079.html
탕후루,2023,[베이징 다이어리] <b>탕후루</b>는 어디에서 왔을까,"뒤늦게 밝히는 재미있는 사실은 중국에서 찾아볼 수 있는 다수의 문서에서 황귀비에게 <b>탕후루</b>를 처방한 의원을 '돌팔이 의사(江湖郞中)'로 소개하고 있다는 것이다. 내려오는 이야기가 사실에 기초했다고 가정하면, <b>2023</b>년... ",2023-10-07 23:00:00+00:00,https://view.asiae.co.kr/article/2023100611203132781,https://n.news.naver.com/mnews/article/277/0005323364?sid=101
탕후루,2023,“<b>탕후루</b> 만들다 화상 입었잖아요”…학부모는 학교에 민원,"또 <b>탕후루</b> 고열량 및 고당도 식품으로, 초등학생 소아당뇨 환자 역시 2021년 817명에서 2022년 913명, <b>2023</b>년 1030명으로 2년 만에 26.1% 증가했다는 의견이다. 김영호 더불어민주당 의원이 교육부에서 제출받은 17개 시도교육청... ",2023-10-06 14:15:00+00:00,https://www.seoul.co.kr/news/newsView.php?id=20231006500217&wlog_tag3=naver,https://n.news.naver.com/mnews/article/081/0003398574?sid=102
탕후루,2023,<b>탕후루</b> 대표에 '마약 아이돌'까지…21대 마지막 국감 증인 톺아보기,"<b>탕후루</b>가 유행하면서 가맹점이 2022년 43개에서 <b>2023</b>년 420개까지 늘었다. 김 대표를 증인으로 부른 강기윤 국민의힘 의원은 청소년·아동의 당 과다 섭취 문제, 건강권 등에 대해 질의할 예정이다. 가수 남태현 씨는 필로폰... ",2023-10-06 02:48:00+00:00,https://ilyo.co.kr/?ac=article_view&entry_id=460216,https://ilyo.co.kr/?ac=article_view&entry_id=460216
탕후루,2023,[1분컷] GS25 '아이스딸기<b>탕후루</b>' 단독 출시… 냉동 디저트 매출 350.4% 급...,"인기 냉동 디저트 18종을 자사 전략 상품으로 도입한 바 있습니다. 특히 최근 2년간(2022년~<b>2023</b>년 9월) 냉동 디저트 분류 매출은 그 이전 2년(2020년~2021년 9월) 매출 대비 350.4% 신장했습니다. <b>탕후루</b>,디저트,gs25,쿠캣",2023-10-06 01:22:00+00:00,https://www.newscj.com/news/articleView.html?idxno=3069373,https://www.newscj.com/news/articleView.html?idxno=3069373
탕후루,2023,"국감의 계절, 유통업계 줄긴장…첫 손님 ‘왕가<b>탕후루</b> 대표’ 소환","<b>2023</b> 국감, 국민 이목 집중 위한 ‘이색 증인’ 소환 논란까지 지난 8월 국회 환경노동위원회 위원들이 기계... ◇ 국감 첫 손님 ‘왕가<b>탕후루</b>’…청소년 당 과소비시키는 원인 <b>탕후루</b> 프랜차이즈 업체에서 판매되고 있는... ",2023-10-05 06:10:00+00:00,https://www.sportsseoul.com/news/read/1355179?ref=naver,https://n.news.naver.com/mnews/article/468/0000986602?sid=101
탕후루,2023,"늘어나는 <b>탕후루</b> 인기, 증가하는 No <b>탕후루</b>존",<b>탕후루</b>의 인기와 비례해 노 <b>탕후루</b> 존 역시 증가하고 있다.(사진=이승우 기자)  #세종에서 4컷 사진관을... 국내 간식에는 없는 식감과 독특한 맛으로 인플루언서들 사이에서 유행하기 시작하더니 <b>2023</b>년에 들어서 젊은 층... ,2023-10-05 01:14:00+00:00,http://www.chungnamilbo.co.kr/news/articleView.html?idxno=737181,http://www.chungnamilbo.co.kr/news/articleView.html?idxno=737181
탕후루,2023,'<b>탕후루</b>' 정말 건강에 해로울까?...국감 도마위에 오른 왕가<b>탕후루</b>,배달의민족이 조사한 '배민트렌드<b>2023</b> 가을·겨울편'에 따르면 <b>탕후루</b>는 지난해까지만 해도 검색순위권에 들지 못했지만 지난 7월 올 1월 대비 검색량이 47.3배 늘어나 검색어 순위 3위까지 올라섰다. 이러한 인기에 <b>탕후루</b>... ,2023-10-05 01:14:00+00:00,https://www.smartfn.co.kr/article/view/sfn202310050021,https://www.smartfn.co.kr/article/view/sfn202310050021
탕후루,2023,"[토마토레터 제269호] <b>탕후루</b> 열풍, 과연 계속될까?","토마토레터 브리핑 제 269호 <b>2023</b>. 10.5(목) 오늘의 토마토레터! 1. <b>탕후루</b> 열풍, 과연 계속될까? 2. '총선 미리보기' 강서구청장 보선 과열 3. 사상 첫 하원의장 해임…바이든, ‘신속한 의장 선출을’ 토마토Pick! 최근 한국에서... ",2023-10-04 21:02:00+00:00,http://www.newstomato.com/ReadNews.aspx?no=1203294&inflow=N,http://www.newstomato.com/ReadNews.aspx?no=1203294&inflow=N
탕후루,2023,"[기자수첩] 증인대 서는 '<b>탕후루</b>', 올해 국감은 다를까","실제로 '배민트렌드<b>2023</b> 가을·겨울편'에 따르면, 지난 7월 <b>탕후루</b> 키워드 검색량은 올 1월 대비, 반년 만에 47.3배나 늘었다. 검색어 순위는 3위다. 국감장에 서는 왕가<b>탕후루</b>의 전국 매장 수는 이달 기준, 420개에 달한다.... ",2023-10-04 06:18:00+00:00,http://www.m-i.kr/news/articleView.html?idxno=1054274,http://www.m-i.kr/news/articleView.html?idxno=1054274
탕후루,2023,"“<b>탕후루</b>도 편의점에서” GS25, 아이스딸기<b>탕후루</b> 출시",이제 편의점에서 <b>탕후루</b>를 즐길 수 있다. GS리테일이 운영하는 편의점 GS25는 오는 5일... 쿠캣 인기 냉동 디저트 18종을 GS25 전략 상품으로 도입‧육성하는 전략으로 최근 2개년(2022년~<b>2023</b>년9월) 냉동 디저트 분류... ,2023-10-04 05:41:00+00:00,https://www.ddaily.co.kr/page/view/2023100414393557265,https://n.news.naver.com/mnews/article/138/0002157912?sid=103
탕후루,2023,'<b>탕후루</b>' 유행에 소아 당뇨 우려 커지는데… 제도·현장 무방비,최근 과·채 가공품류인 '<b>탕후루</b>'가 유행하는 가운데 소아청소년의 건강에 악영향을 끼칠 수 있다는 우려가... 접어든 <b>2023</b>년에는 1272명(508명↓)으로 줄었다. 특히 소아청소년 당뇨병 학생 수가 가장 많은 경기도(1218명)... ,2023-10-04 04:26:00+00:00,http://www.shinailbo.co.kr/news/articleView.html?idxno=1767309,http://www.shinailbo.co.kr/news/articleView.html?idxno=1767309
탕후루,2023,“<b>탕후루</b> 인기 어느 정도길래”…편의점까지 1020 몰이 나선다,배달의민족이 지난달 발표한 ‘배민트렌드<b>2023</b> 가을·겨울편’에 따르면 지난 7월 배민 키워드에서 <b>탕후루</b> 검색량은 반년 전인 올해 1월보다 47.3배 증가했다. 전체 검색어 순위도 3위를 차지하며 상위권을 기록했다.... ,2023-10-04 02:22:00+00:00,https://www.mk.co.kr/article/10841758,https://n.news.naver.com/mnews/article/009/0005194179?sid=101
탕후루,2023,"<b>탕후루</b>, 편의점서도 먹는다…GS25, ‘아이스딸기<b>탕후루</b>’ 출시",(2022년~<b>2023</b>년 9월) 냉동 디저트 분류 매출은 직전 2개년(2020년~2021년 9월) 매출 대비 무려 350.4% 신장한 것으로 분석됐다. 이지윤 GS리테일 냉동간편식 MD는 “이번에 선보인 아이스딸기<b>탕후루</b>와 같이 소비자들이 원하는... ,2023-10-04 01:58:00+00:00,https://weekly.cnbnews.com/news/article.html?no=154374,https://weekly.cnbnews.com/news/article.html?no=154374
탕후루,2023,[신상NEWS] SPC삼립 ‘삼립호빵’‧GS25 ‘아이스딸기<b>탕후루</b>’…이색 간...,GS25는 ‘아이스딸기<b>탕후루</b>’를 선보이며 편의점에서도 <b>탕후루</b> 열기를 이어간다. 또 신세계푸드는 이색... 발탁하고 <b>2023</b>~2024 시즌 신제품 17종을 출시한다. 겨울철 대표 간식으로 자리잡은 ‘호빵’은 인기 대표 제품들이... ,2023-10-04 01:40:00+00:00,https://www.news2day.co.kr/article/20231004500064,https://www.news2day.co.kr/article/20231004500064
탕후루,2023,"[생활경제 이슈] GS25, ‘아이스딸기<b>탕후루</b>’ 단독 출시 外",‘아이스딸기<b>탕후루</b>’를 업계 단독으로 출시한다. GS25는 ‘<b>탕후루</b>’ 열풍이 전국으로 확산되면서 근거리... 주제로 '<b>2023</b> 한옥정책 심포지엄'을 개최한다고 4일 밝혔다. 온지음공방 집공방장인 김봉렬... ,2023-10-04 00:46:00+00:00,http://www.lawissue.co.kr/view.php?ud=202310040944323581204ead0791_12,http://www.lawissue.co.kr/view.php?ud=202310040944323581204ead0791_12
탕후루,2023,"<b>탕후루</b>도 편의점에서…GS25, ‘아이스딸기<b>탕후루</b>’ 단독 출시",(2022년~<b>2023</b>년 9월) 냉동 디저트 분류 매출은 직전 2년간(2020년~2021년 9월) 매출 대비 무려 350.4% 신장한 것으로 분석됐다고 GS25는 설명했다. 이지윤 GS리테일 냉동간편식 MD는 “이번에 선보인 아이스딸기<b>탕후루</b>와 같이... ,2023-10-04 00:35:00+00:00,http://news.heraldcorp.com/view.php?ud=20231004000132,https://n.news.naver.com/mnews/article/016/0002205305?sid=101
탕후루,2023,"&quot;편의점서도 <b>탕후루</b> 사 먹는다&quot;…GS25, '아이스딸기<b>탕후루</b>' 출시",(2022년~<b>2023</b>년 9월) 냉동 디저트 분류 매출은 직전 2개년(2020년~2021년 9월) 매출 대비 350.4% 신장한 것으로 분석됐다. 이지윤 GS리테일 냉동간편식 MD는 &quot;이번에 선보인 아이스딸기<b>탕후루</b>와 같이 소비자들이 원하는... ,2023-10-04 00:04:00+00:00,https://www.news1.kr/articles/5188425,https://n.news.naver.com/mnews/article/421/0007086337?sid=101
탕후루,2023,"GS25, '아이스딸기<b>탕후루</b>' 단독 출시… “쿠캣과 협업해 냉동 디저트 강...",최근 2개년(2022년~<b>2023</b>년9월) 냉동 디저트 매출은 직전 2개년(2020년~2021년9월) 매출 대비 350.4% 신장했다. 이지윤 GS리테일 냉동간편식 상품기획자(MD)는 “이번에 선보인 아이스딸기<b>탕후루</b>처럼 소비자가 원하는... ,2023-10-03 23:42:00+00:00,https://www.etnews.com/20231004000009,https://n.news.naver.com/mnews/article/030/0003141363?sid=101
탕후루,2023,"쿠캣과 손잡은 GS25, ‘아이스딸기<b>탕후루</b>’ 단독 출시",(2022년~<b>2023</b>년 9월) 냉동 디저트 분류 매출은 직전 2개년(2020년~2021년 9월) 매출 대비 무려 350.4% 신장했다. 이지윤 GS리테일 냉동간편식 MD는 “이번에 선보인 아이스딸기<b>탕후루</b>와 같이 소비자들이 원하는 먹거리를 한발... ,2023-10-03 23:40:00+00:00,http://www.edaily.co.kr/news/newspath.asp?newsid=01551446635769640,https://n.news.naver.com/mnews/article/018/0005587471?sid=101
탕후루,2023,"&quot;<b>탕후루</b>도 편의점에서&quot;…GS25, '아이스딸기<b>탕후루</b>' 출시",쿠캣과 협업으로 얼린 <b>탕후루</b> 개발 구매 후 냉동고 보관 후 취식 가능 전국 1만7000여 GS25 매장이 '예스(Yes)... 쿠캣의 인기 냉동 디저트 18종을 GS25의 전략 상품으로 도입 후 최근 2년 동안(2022년~<b>2023</b>년 9월) 냉동 디저트... ,2023-10-03 23:10:00+00:00,https://www.asiatoday.co.kr/view.php?key=20231004010000621,https://www.asiatoday.co.kr/view.php?key=20231004010000621
탕후루,2023,왕가<b>탕후루</b>에 아이돌 출신까지…이색 국감증인 봇물,"한국농수산식품유통공사의 식품산업통계정보에 따르면 지난 7월30일부터 9월9일까지(<b>2023</b>년 31~36주차) 냉동·간편 조리 식품 분야 10대 인기 검색어 1·2위 모두 <b>탕후루</b> 관련 키워드였다. 1위가 아이스 <b>탕후루</b>, 2위는... ",2023-10-02 23:10:00+00:00,https://view.asiae.co.kr/article/2023092710533393337,https://n.news.naver.com/mnews/article/277/0005321369?sid=100
탕후루,2023,6개월 동안 매일 <b>탕후루</b> 먹었더니…‘이렇게’ 변했습니다,"중국에서 온 길거리 음식 ‘<b>탕후루</b>’가 초등학생들의 ‘최애 간식’으로 떠오른 가운데 6개월간... 초등학생 소아당뇨 환자 역시 2021년 817명에서 2022년 913명, <b>2023</b>년 1030명으로 2년 만에 26.1% 증가했다. 김영호... ",2023-10-02 08:11:00+00:00,https://www.seoul.co.kr/news/newsView.php?id=20231002500070&wlog_tag3=naver,https://n.news.naver.com/mnews/article/081/0003397460?sid=103
탕후루,2023,'마라<b>탕후루</b>'라는 신조어까지 생긴 '<b>탕후루</b>' 인기...네티즌 반응 엇갈려,"지난 4월 9일, 서울 서초구 aT센터에서 열린 '<b>2023</b> 서울디저트페어' 한 부스에서 진열된 <b>탕후루</b>. 사진=연합뉴스 이처럼 무더위 속 달달함을 찾기 위해 트렌드 간식으로 자리 잡은 '<b>탕후루</b>'. 하지만 '<b>탕후루</b>' 때문에 불만을... ",2023-08-18 04:44:00+00:00,https://weekly.cnbnews.com/news/article.html?no=153125,https://weekly.cnbnews.com/news/article.html?no=153125
탕후루,2023,[기자수첩] 국감 불려가는 <b>탕후루</b>를 위한 변명,"배달의민족을 운영하는 우아한형제들이 발간한 ‘배민트렌드<b>2023</b> 가을·겨울편’에 따르면, 지난 7월 배달의민족 내 <b>탕후루</b> 검색량이 지난 1월 대비 47.3배 늘었다. 지난해에는 검색어 순위에 오르지 못했는데, 급격히... ",2023-10-01 21:01:00+00:00,https://biz.chosun.com/opinion/journalist/2023/10/02/BMGRWOJ5VJFMVFZPMILZ7ITNJQ/?utm_source=naver&utm_medium=original&utm_campaign=biz,https://n.news.naver.com/mnews/article/366/0000936278?sid=110
탕후루,2023,인기 열풍 ‘<b>탕후루</b>’ 맛본 치과의사 “강남에 곧 집 살 수 있겠다”고...,배달의민족을 운영하는 우아한형제들이 최근 공개한 배민트렌드 <b>2023</b> 가을·겨울편에 따르면 지난 7월 배달의민족 내 <b>탕후루</b> 검색량은 지난 1월에 비해 47.3배 늘어 검색량 3위에 올랐다.,2023-09-29 02:27:00+00:00,http://www.joseilbo.com/news/news_read.php?uid=498932&class=33&grp=,https://n.news.naver.com/mnews/article/123/0002316970?sid=102
탕후루,2023,"&quot;금가루 <b>탕후루</b> 주세요&quot;...쏟아지는 '이색 조합', 어떻길래? [인기척]","지난 13일 배달의 민족에서 발표한 ‘배민트렌드<b>2023</b> 가을·겨울편’에 따르면 지난 7월 배민 키워드에서 <b>탕후루</b>의 검색량은 지난 1월과 비교했을 때 무려 47.3배가 늘었으며, 전체 검색어 순위는 3위를 기록했습니다.... ",2023-09-28 06:35:00+00:00,http://mbn.mk.co.kr/pages/news/newsView.php?category=mbn00009&news_seq_no=4966483,https://n.news.naver.com/mnews/article/057/0001771403?sid=102
탕후루,2023,<b>탕후루</b> 맛본 치과의사 &quot;충치에 정말 최악…강남에 집 살 수 있겠다&quot;,"배달의민족을 운영하는 우아한형제들이 최근 공개한 '배민트랜드 <b>2023</b> 가을·겨울 편'에 따르면 지난 7월 배달의민족 내 <b>탕후루</b> 검색량은 지난 1월에 비해 47.3배 늘어 검색량 3위에 올랐다. 한편, <b>탕후루</b>를 통한 과도한 당... ",2023-09-27 03:24:00+00:00,http://woman.chosun.com/news/articleView.html?idxno=112479,http://woman.chosun.com/news/articleView.html?idxno=112479
탕후루,2023,국정감사에 증인으로 소환된 ‘<b>탕후루</b>’ 업체 대표…왜?,청소년과 20대 초반 청년에게 선풍적 인기를 끌고 있는 중국식 길거리 간식 ‘<b>탕후루</b>’가 국회... 학생은 <b>2023</b>년 4월1일 기준 3855명이다. 2021년(3111명)과 지난해(3655명)를 거쳐 3년 내내 증가하는 추세다. 특히 소아당뇨... ,2023-09-27 02:18:00+00:00,http://www.segye.com/newsView/20230927510020?OutUrl=naver,https://n.news.naver.com/mnews/article/022/0003859755?sid=102
탕후루,2023,"‘전국 매장 420개’ 왕가<b>탕후루</b> 대표, 국감장 불려가는 이유",한국농수산식품유통공사의 식품산업통계정보에 따르면 지난 7월 30일~9월 9일(<b>2023</b>년 31~36주 차) 냉동·간편 조리 식품 분야 10대 인기 검색어 1·2위는 모두 <b>탕후루</b> 관련 키워드가 차지했다. 1위는 아이스<b>탕후루</b>(얼린... ,2023-09-27 01:28:00+00:00,https://www.chosun.com/politics/politics_general/2023/09/27/MMMDXJ3E5BBXRBVDQWZMOZC4EY/?utm_source=naver&utm_medium=referral&utm_campaign=naver-news,https://n.news.naver.com/mnews/article/023/0003790375?sid=100
탕후루,2023,<b>탕후루</b> 맛본 치과의사 “강남에 집 살 수 있겠다”,배달의민족을 운영하는 우아한형제들이 최근 공개한 배민트렌드 <b>2023</b> 가을·겨울편에 따르면 지난 7월 배달의민족 내 <b>탕후루</b> 검색량은 지난 1월에 비해 47.3배 늘어 검색량 3위에 올랐다.,2023-09-26 22:25:00+00:00,https://www.seoul.co.kr/news/newsView.php?id=20230927500013&wlog_tag3=naver,https://n.news.naver.com/mnews/article/081/0003396637?sid=102
탕후루,2023,&quot;유행 계속되면 강남에 집 살 듯&quot; 치과의사가 <b>탕후루</b>의 위험성을 갑자기...,13일 '배달의 민족'이 발표한 '배민트렌드<b>2023</b> 가을·겨울편'에 따르면 7월 배민 키워드에서 <b>탕후루</b> 검색량은 올해 1월보다 무려 47.3배나 증가했다. 게다가 전체 검색어 순위는 3위를 기록하며 그 인기를 입증했다.... ,2023-09-26 08:30:00+00:00,https://www.huffingtonpost.kr/news/articleView.html?idxno=213298,https://www.huffingtonpost.kr/news/articleView.html?idxno=213298
탕후루,2023,"김소향 왕가<b>탕후루</b> 프랜차이즈 대표, 국감 불려간다…청소년 설탕 과소...","한국농수산식품유통공사의 식품산업통계정보에 따르면, 지난 7월30일부터 9월9일까지(<b>2023</b>년 31~36주차) 냉동·간편 조리 식품 분야 10대 인기 검색어 1·2위 모두 <b>탕후루</b> 관련 키워드였다. 1위가 아이스 <b>탕후루</b>, 2위는... ",2023-09-26 07:06:00+00:00,https://www.thepublic.kr/news/articleView.html?idxno=203551,https://www.thepublic.kr/news/articleView.html?idxno=203551
탕후루,2023,"국정감사까지 소환된 '왕가<b>탕후루</b>' 대표, 누구길래",최근 한국농수산식품유통공사의 식품산업통계정보에 따르면 지난 7월 30일~9월 9일(<b>2023</b>년 31~36주 차) 냉동·간편 조리 식품 분야 10대 인기 검색어 1·2위는 모두 <b>탕후루</b> 관련 키워드가 석권했다. 1위는 아이스<b>탕후루</b>(얼린... ,2023-09-26 06:19:00+00:00,https://view.asiae.co.kr/article/2023092615105373516,https://n.news.naver.com/mnews/article/277/0005319962?sid=101
탕후루,2023,&quot;덕분에 강남에 집 사겠어요&quot; <b>탕후루</b> 열풍을 보는 치과의사,실제로 우아한형제들의 '배민트렌드<b>2023</b> 가을·겨울편'에 따르면 지난 7월 배달의민족 내 <b>탕후루</b> 검색량이 지난 1월과 비교해 47.3배 늘어난 것으로 파악됐다. 또 한국농수산식품유통공사가 발표한 '식품산업통계정보... ,2023-09-26 02:27:00+00:00,https://view.asiae.co.kr/article/2023092611131455519,https://n.news.naver.com/mnews/article/277/0005319825?sid=102
탕후루,2023,'<b>탕후루</b>' 맛본 치과의사 &quot;조만간 강남에 집 살 수 있을 듯&quot;,배달의민족을 운영하는 우아한형제들이 공개한 배민트렌드 <b>2023</b> 가을·겨울편에 따르면 지난 7월 배달의민족 내 <b>탕후루</b> 검색량은 지난 1월에 비해 47.3배 늘어 검색량 3위에 올랐다. 이러한 열풍 속에 <b>탕후루</b>를 먹고 크고... ,2023-09-26 00:27:00+00:00,https://www.hankyung.com/article/2023092686067,https://n.news.naver.com/mnews/article/015/0004896314?sid=103
탕후루,2023,[팩트체크] <b>탕후루</b>가 카페 음료보다 칼로리가 낮다고?,"■ 방송 : YTN 라디오 FM 94.5 (20:20~21:00) ■ 방송일 : <b>2023</b>년 9월 23일 (토요일) ■ 진행 : 최휘 아나운서 ■ 대담... ◆ 송영훈&gt; 혹시 <b>탕후루</b>라고 드셔보셨나요? 귤, 포도, 토마토 등 과일꼬치에 설탕 시럽을 입혀 굳혀서 만든... ",2023-09-25 15:02:00+00:00,https://radio.ytn.co.kr/program/?f=2&id=91770&s_mcd=0211&s_hcd=09,https://radio.ytn.co.kr/program/?f=2&id=91770&s_mcd=0211&s_hcd=09
탕후루,2023,[팩트체크] <b>탕후루</b>가 카페 음료보다 칼로리가 낮다고?,"■ 방송 : YTN 라디오 FM 94.5 (20:20~21:00) ■ 방송일 : <b>2023</b>년 9월 23일 (토요일) ■ 진행 : 최휘 아나운서 ■ 대담... ◆ 송영훈&gt; 혹시 <b>탕후루</b>라고 드셔보셨나요? 귤, 포도, 토마토 등 과일꼬치에 설탕 시럽을 입혀 굳혀서 만든... ",2023-09-25 14:49:00+00:00,https://www.ytn.co.kr/_ln/0103_202309252349363376,https://n.news.naver.com/mnews/article/052/0001940463?sid=102
탕후루,2023,"‘청소년 설탕중독’ 유발?…<b>탕후루</b> 프랜차이즈 대표, 국감 불려간다",최근 발표된 한국농수산식품유통공사의 식품산업통계정보에 따르면 지난 7월30일부터 9월9일까지(<b>2023</b>년 31~36주차) 냉동·간편 조리 식품 분야 10대 인기 검색어 1·2위 모두 <b>탕후루</b> 관련 키워드였다. 1위가 아이스 <b>탕후루</b>... ,2023-09-25 09:50:00+00:00,https://www.nongmin.com/article/20230925500802,https://n.news.naver.com/mnews/article/662/0000029093?sid=102
탕후루,2023,"<b>탕후루</b>, 자주 먹어도 정말 괜찮을까?","흑당, 마라탕에 이어 이제는 ‘<b>탕후루</b>의 시대’라 해도 모자람이 없는 요즘. 달콤하고 바삭하기만 한... https://www.wkorea.com/<b>2023</b>/08/28/%eb%a7%a4%ec%9d%bc-%ec%96%b4%ec%8b%b1%ed%95%98%eb%a9%b4-%ec%83%9d%ea%b8%b0%eb%8a%94-%ec%9d%bc/ https... ",2023-09-25 08:18:00+00:00,https://www.wkorea.com/2023/09/25/%ed%83%95%ec%b5%9c%eb%aa%87-%ed%83%95%ed%9b%84%eb%a3%a8-%ec%b5%9c%eb%8c%80-%eb%aa%87-%ea%b0%9c%ea%b9%8c%ec%a7%80-%eb%a8%b9%ec%9d%84-%ec%88%98-%ec%9e%88%ec%96%b4%ec%9a%94/?utm_source=naver&utm_medium=partnership,https://www.wkorea.com/2023/09/25/%ed%83%95%ec%b5%9c%eb%aa%87-%ed%83%95%ed%9b%84%eb%a3%a8-%ec%b5%9c%eb%8c%80-%eb%aa%87-%ea%b0%9c%ea%b9%8c%ec%a7%80-%eb%a8%b9%ec%9d%84-%ec%88%98-%ec%9e%88%ec%96%b4%ec%9a%94/?utm_source=naver&utm_medium=partnership
탕후루,2023,'<b>탕후루</b>' 열풍이 주가 올렸다?…설탕주 오른 이유 따로 있다,우아한형제들의 '배민트렌드<b>2023</b> 가을·겨울편'에 따르면 지난 7월 배달의민족 내 <b>탕후루</b> 검색량이 지난 1월과 비교해 47.3배 늘었다. 한국농수산식품유통공사가 발표한 '식품산업통계정보'에서도 지난 7월 30일부터 이 달... ,2023-09-24 20:40:00+00:00,http://news.mt.co.kr/mtview.php?no=2023092422065237171,https://n.news.naver.com/mnews/article/008/0004942270?sid=101
탕후루,2023,소아당뇨 염려에…‘왕가<b>탕후루</b>’ 대표 국감 간다,"과일꼬치에 설탕시럽을 입힌 간식 ‘<b>탕후루</b>’, 저가형 프랜차이즈 카페의 달콤한 대용량 음료 등이... 특히 초등학생 소아당뇨 환자는 2021년 817명에서 2022년 913명, <b>2023</b>년 1030명으로 2년 만에 26.1%나 늘었다.... ",2023-09-24 12:25:00+00:00,https://www.khan.co.kr/article/202309242124005,https://n.news.naver.com/mnews/article/032/0003251259?sid=102
탕후루,2023,[단독] <b>탕후루</b>·대용량음료 유행 괜찮나··· 초중고 소아당뇨 환자 2년...,"과일꼬치에 설탕시럽을 입힌 간식 ‘<b>탕후루</b>’, 저가형 프랜차이즈 카페의 달콤한 대용량 음료 등이... 특히 초등학생 소아당뇨 환자는 2021년 817명에서 2022년 913명, <b>2023</b>년 1030명으로 2년만에 26.1%나 늘었다. 소아당뇨는... ",2023-09-24 06:41:00+00:00,https://www.khan.co.kr/article/202309241540001,https://n.news.naver.com/mnews/article/032/0003251183?sid=102
탕후루,2023,"'<b>탕후루</b> 열풍' 이 정도야?…&quot;달달하네&quot; 26% 뛴 설탕주, 진짜 이유는",우아한형제들의 '배민트렌드<b>2023</b> 가을·겨울편'에 따르면 지난 7월 배달의민족 내 <b>탕후루</b> 검색량이 지난 1월과 비교해 47.3배 늘어난 것으로 확인됐다. 한국농수산식품유통공사가 발표한 '식품산업통계정보'에서도 지난... ,2023-09-22 22:00:00+00:00,http://news.mt.co.kr/mtview.php?no=2023092210062193698,https://n.news.naver.com/mnews/article/008/0004941989?sid=101
탕후루,2023,주식시장까지 넘보는 <b>탕후루</b>의 인기…주가 급등한 종목은?,지난 9월 13일 배달의민족이 발표한 '배민트렌드<b>2023</b> 가을·겨울편'에 따르면 지난 7월 배민 키워드에서 <b>탕후루</b> 검색량은 올해 1월과 비교해 47.3배 증가했으며 전체 검색어 순위는 3위를 기록했다. 또한 <b>탕후루</b>... ,2023-09-21 05:01:00+00:00,http://weekly.chosun.com/news/articleView.html?idxno=29069,https://n.news.naver.com/mnews/article/053/0000038614?sid=101
탕후루,2023,'비닐 <b>탕후루</b>' 등 <b>탕후루</b>의 다양한 변주…혈당 스파이크도 주의해야,그야말로 엄청난 인기몰이 중인 <b>탕후루</b>다. 지난 13일 우아한형제들의 '배민트렌드<b>2023</b> 가을·겨울편'에 따르면 7월 배달의민족 애플리케이션 내 <b>탕후루</b> 검색량은 지난 1월과 비교해 47.3배 증가했다. MZ세대를 중심으로 유행... ,2023-09-21 02:14:00+00:00,https://www.kizmom.com/news/articleView.html?idxno=78883,https://www.kizmom.com/news/articleView.html?idxno=78883
탕후루,2023,&quot;수익률이 달달하네&quot; <b>탕후루</b> 열풍 와중에 웃는 당뇨 테마주,우아한형제들의 '배민트렌드<b>2023</b> 가을·겨울편'에 따르면 올해 7월 배달의민족 내 <b>탕후루</b> 검색량은 지난 1월과 비교해 47.3배 늘었다. 앞서 <b>탕후루</b>가 젊은 층을 중심으로 인기를 끌면서 당뇨 등 건강 문제가 우려됐다.... ,2023-09-20 06:37:00+00:00,https://view.asiae.co.kr/article/2023092015302725505,https://n.news.naver.com/mnews/article/277/0005317174?sid=101
탕후루,2023,"'성지순례' MZ 성직자 3인방, 대세 음식 '<b>탕후루</b>' 먹방! 인기 인정",마라탕으로 든든한 식사를 마친 성직자들이 다음으로 향한 곳은 <b>2023</b>년 대한민국을 강타한 길거리 음식 '<b>탕후루</b>' 가게였다. 극강의 달콤함을 지닌 <b>탕후루</b>는 10대들의 '인생 음식'으로 꼽힐 정도로 인기가 뜨겁다고. 3인의... ,2023-11-08 05:18:00+00:00,http://www.newsinside.kr/news/articleView.html?idxno=1384124,http://www.newsinside.kr/news/articleView.html?idxno=1384124
탕후루,2023,'<b>탕후루</b> 광풍' 주식 시장 덮쳤다…'6배 잭팟' 터진 종목,&quot;탕최몇?&quot; (<b>탕후루</b> 최대 몇개까지 가능의 준말) <b>탕후루</b> 광풍으로 전국이 들썩이고 있다. 틱톡과 유튜브엔... 태국 설탕생산자협회는 <b>2023</b>∼2024년 설탕 수확량이 900만톤 수준에 그칠 것으로 예측했다. 이처럼 전 세계적으로... ,2023-09-20 00:47:00+00:00,https://www.hankyung.com/article/2023092025356,https://n.news.naver.com/mnews/article/015/0004893945?sid=101
탕후루,2023,"'성지순례' MZ 성직자 3인방, 대세음식 마라탕-<b>탕후루</b> 먹방 후 인기 인정",마라탕으로 든든한 식사를 마친 성직자들이 다음으로 향한 곳은 <b>2023</b>년 대한민국을 강타한 길거리 음식 ‘<b>탕후루</b>’ 가게였다. 극강의 달콤함을 지닌 <b>탕후루</b>는 10대들의 ‘인생 음식’으로 꼽힐 정도로 인기가 뜨겁다고.... ,2023-11-08 01:44:00+00:00,http://biz.heraldcorp.com/view.php?ud=202311081041210602520_1,https://m.entertain.naver.com/article/112/0003663254
탕후루,2023,[분석] 스무디보다 <b>탕후루</b>? 당 함유량 따져보니,"국내 유명 <b>탕후루</b> 프랜차이즈 업체로부터 제공받은 영양성분 분석자료(<b>2023</b>년 8월 검사분)에 따르면, 해당 업체 <b>탕후루</b>의 당류는 과일마다 조금씩 차이가 있으나 보통 한 꼬치(중량: 53g~109g)당 포함된 당류는 10~25g... ",2023-09-19 08:08:00+00:00,https://www.newstof.com/news/articleView.html?idxno=21649,https://www.newstof.com/news/articleView.html?idxno=21649
탕후루,2023,"(주)달콤나라앨리스 '달콤왕가<b>탕후루</b>', '왕가<b>탕후루</b>' 브랜드통합…매장...","2021년 프랜차이즈로 전환한 후, 달콤왕가<b>탕후루</b>와 왕가<b>탕후루</b> 두 개의 브랜드로 운영해 왔으나 <b>2023</b>년 9월 12일 달콤왕가<b>탕후루</b> 단독 브랜드로 통합했다. 현재 달콤왕가<b>탕후루</b>의 전국 매장 수는 총 420개, 연내 450개로... ",2023-09-19 06:44:00+00:00,https://www.incheonilbo.com/news/articleView.html?idxno=1212430,https://www.incheonilbo.com/news/articleView.html?idxno=1212430
탕후루,2023,“마라탕 먹고 <b>탕후루</b>로 입가심”…‘맵단맵단’ 코스에 푹 빠진 10대들,배달의민족이 최근 공개한 ‘배민트렌드 <b>2023</b> 가을·겨울편’에 따르면 지난 7월 기준 <b>탕후루</b> 검색량은 올해 1월 대비 47.3배 늘었다. 지난해까지만 해도 <b>탕후루</b>는 배민 검색 순위 밖이었으나 올해 길거리 간식으로... ,2023-09-16 23:05:00+00:00,https://www.mk.co.kr/article/10831098,https://n.news.naver.com/mnews/article/009/0005187540?sid=103
탕후루,2023,SNS가 만든 디저트 시장... 역대급 강자 '<b>탕후루</b>' 다음은?,<b>2023</b>년: 양적 소비 팽창하는 <b>탕후루</b> 시대 <b>탕후루</b>는 반짝 유행을 넘어 ‘롱런’할까. 조짐은 좋다. 400개 점포를 돌파한 ‘왕가<b>탕후루</b>’를 비롯해 ‘황후<b>탕후루</b>’ ‘판다<b>탕후루</b>’ 등 관련 매장은 빠르게 증가하고 있다.... ,2023-09-16 22:01:00+00:00,https://www.hankookilbo.com/News/Read/A2023091509080001607?did=NA,https://n.news.naver.com/mnews/article/469/0000760929?sid=103
